date,n_trades,pnl_usd,equity,ret_pct,dd_pct
2024-04-01,0,0,1000.0,0.0,0.0
2024-04-02,0,0,1000.0,0.0,0.0
2024-04-03,2,-25.2974,974.7026,-2.52974,-2.5297
2024-04-04,1,-19.9163,954.7863,-2.043319,-4.5214
2024-04-05,2,29.0772,983.8635,3.045412,-1.6137
2024-04-06,0,0,983.8635,0.0,-1.6137
2024-04-07,2,-18.2495,965.614,-1.854877,-3.4386
2024-04-08,3,-38.2985,927.3156,-3.966231,-7.2684
2024-04-09,2,25.7041,953.0197,2.771883,-4.698
2024-04-10,1,10.3404,963.36,1.08501,-3.664
2024-04-11,4,17.1051,980.4651,1.775567,-1.9535
2024-04-12,2,-25.4797,954.9855,-2.598733,-4.5015
2024-04-13,5,-47.3426,907.6429,-4.957413,-9.2357
2024-04-14,0,0,907.6429,0.0,-9.2357
2024-04-15,2,56.8934,964.5363,6.268262,-3.5464
2024-04-16,4,71.4416,1035.9779,7.40683,0.0
2024-04-17,0,0,1035.9779,0.0,0.0
2024-04-18,0,0,1035.9779,0.0,0.0
2024-04-19,3,-32.2467,1003.7312,-3.112685,-3.1127
2024-04-20,0,0,1003.7312,0.0,-3.1127
2024-04-21,2,116.6337,1120.3648,11.620009,0.0
2024-04-22,0,0,1120.3648,0.0,0.0
2024-04-23,1,-14.3219,1106.0429,-1.278322,-1.2783
2024-04-24,3,-1.4038,1104.6391,-0.126923,-1.4036
2024-04-25,1,20.5441,1125.1832,1.8598,0.0
2024-04-26,1,9.07,1134.2532,0.806089,0.0
2024-04-27,0,0,1134.2532,0.0,0.0
2024-04-28,2,4.238,1138.4912,0.373639,0.0
2024-04-29,2,-17.6197,1120.8715,-1.547633,-1.5476
2024-04-30,2,-15.5689,1105.3026,-1.388999,-2.9151
2024-05-01,2,23.4451,1128.7478,2.12115,-0.8558
2024-05-02,1,-21.6157,1107.1321,-1.915017,-2.7544
2024-05-03,3,130.3402,1237.4723,11.772779,0.0
2024-05-04,1,-9.9338,1227.5385,-0.802749,-0.8027
2024-05-05,1,7.6843,1235.2227,0.625989,-0.1818
2024-05-06,2,34.1485,1269.3712,2.764561,0.0
2024-05-07,4,-3.9648,1265.4064,-0.312344,-0.3123
2024-05-08,0,0,1265.4064,0.0,-0.3123
2024-05-09,0,0,1265.4064,0.0,-0.3123
2024-05-10,2,-37.1116,1228.2948,-2.932785,-3.236
2024-05-11,2,73.5219,1301.8167,5.98569,0.0
2024-05-12,2,36.9354,1338.7521,2.837222,0.0
2024-05-13,2,-27.6809,1311.0712,-2.067666,-2.0677
2024-05-14,1,13.6677,1324.7389,1.042482,-1.0467
2024-05-15,2,15.8708,1340.6097,1.198032,0.0
2024-05-16,1,-0.2146,1340.3951,-0.016009,-0.016
2024-05-17,2,-18.9791,1321.416,-1.415933,-1.4317
2024-05-18,2,14.171,1335.5869,1.072407,-0.3747
2024-05-19,0,0,1335.5869,0.0,-0.3747
2024-05-20,2,-34.1788,1301.4081,-2.559084,-2.9242
2024-05-21,3,-78.8538,1222.5543,-6.059116,-8.8061
2024-05-22,2,10.2774,1232.8317,0.84065,-8.0395
2024-05-23,1,4.4189,1237.2506,0.358432,-7.7099
2024-05-24,1,27.7209,1264.9714,2.240522,-5.6421
2024-05-25,3,29.9361,1294.9075,2.366541,-3.4091
2024-05-26,1,18.3359,1313.2435,1.416004,-2.0413
2024-05-27,0,0,1313.2435,0.0,-2.0413
2024-05-28,0,0,1313.2435,0.0,-2.0413
2024-05-29,2,-21.0202,1292.2233,-1.600632,-3.6093
2024-05-30,2,-18.188,1274.0353,-1.407496,-4.966
2024-05-31,0,0,1274.0353,0.0,-4.966
2024-06-01,3,9.9622,1283.9974,0.781939,-4.2229
2024-06-02,0,0,1283.9974,0.0,-4.2229
2024-06-03,0,0,1283.9974,0.0,-4.2229
2024-06-04,2,46.4835,1330.4809,3.620215,-0.7555
2024-06-05,2,-27.0005,1303.4804,-2.02938,-2.7696
2024-06-06,2,42.2969,1345.7773,3.244924,0.0
2024-06-07,2,13.6738,1359.4511,1.016053,0.0
2024-06-08,0,0,1359.4511,0.0,0.0
2024-06-09,4,-44.3936,1315.0576,-3.265551,-3.2656
2024-06-10,0,0,1315.0576,0.0,-3.2656
2024-06-11,0,0,1315.0576,0.0,-3.2656
2024-06-12,2,46.794,1361.8516,3.558325,0.0
2024-06-13,1,-1.4334,1360.4182,-0.105254,-0.1053
2024-06-14,2,21.2055,1381.6237,1.558747,0.0
2024-06-15,1,26.754,1408.3776,1.936414,0.0
2024-06-16,1,66.7043,1475.0819,4.73625,0.0
2024-06-17,0,0,1475.0819,0.0,0.0
2024-06-18,2,-11.7853,1463.2966,-0.798962,-0.799
2024-06-19,3,94.5659,1557.8624,6.462522,0.0
2024-06-20,1,-56.3685,1501.494,-3.618321,-3.6183
2024-06-21,2,72.1558,1573.6498,4.805599,0.0
2024-06-22,2,21.067,1594.7167,1.338732,0.0
2024-06-23,0,0,1594.7167,0.0,0.0
2024-06-24,1,-21.3278,1573.389,-1.337401,-1.3374
2024-06-25,0,0,1573.389,0.0,-1.3374
2024-06-26,2,-19.9034,1553.4855,-1.265004,-2.5855
2024-06-27,3,-7.0751,1546.4104,-0.455434,-3.0291
2024-06-28,2,-12.8819,1533.5285,-0.833021,-3.8369
2024-06-29,1,19.4543,1552.9828,1.268595,-2.617
2024-06-30,2,-13.1738,1539.8089,-0.848293,-3.4431
2024-07-01,0,0,1539.8089,0.0,-3.4431
2024-07-02,1,-11.6843,1528.1246,-0.758817,-4.1758
2024-07-03,4,-0.2858,1527.8388,-0.0187,-4.1937
2024-07-04,3,45.3285,1573.1673,2.966839,-1.3513
2024-07-05,2,-93.4158,1479.7516,-5.938069,-7.2091
2024-07-06,0,0,1479.7516,0.0,-7.2091
2024-07-07,4,203.9928,1683.7444,13.785611,0.0
2024-07-08,1,60.0595,1743.8039,3.567021,0.0
2024-07-09,0,0,1743.8039,0.0,0.0
2024-07-10,2,65.9762,1809.7801,3.783465,0.0
2024-07-11,1,-21.6062,1788.1739,-1.193857,-1.1939
2024-07-12,0,0,1788.1739,0.0,-1.1939
2024-07-13,1,3.9107,1792.0846,0.218698,-0.9778
2024-07-14,2,47.8181,1839.9027,2.668292,0.0
2024-07-15,0,0,1839.9027,0.0,0.0
2024-07-16,2,-71.055,1768.8476,-3.86189,-3.8619
2024-07-17,1,20.8861,1789.7337,1.180773,-2.7267
2024-07-18,3,-5.9993,1783.7344,-0.335207,-3.0528
2024-07-19,1,3.08,1786.8144,0.172673,-2.8854
2024-07-20,1,-32.1505,1754.6639,-1.79932,-4.6328
2024-07-21,2,-11.8175,1742.8464,-0.673489,-5.2751
2024-07-22,2,-34.6318,1708.2146,-1.987083,-7.1573
2024-07-23,1,-65.1045,1643.1101,-3.811261,-10.6958
2024-07-24,4,15.5367,1658.6468,0.945565,-9.8514
2024-07-25,1,20.4869,1679.1337,1.235158,-8.7379
2024-07-26,0,0,1679.1337,0.0,-8.7379
2024-07-27,3,19.6672,1698.8009,1.171273,-7.669
2024-07-28,4,78.1557,1776.9567,4.600639,-3.4212
2024-07-29,0,0,1776.9567,0.0,-3.4212
2024-07-30,1,-11.907,1765.0496,-0.670079,-4.0683
2024-07-31,1,33.2606,1798.3102,1.884399,-2.2606
2024-08-01,2,21.7,1820.0102,1.206688,-1.0812
2024-08-02,0,0,1820.0102,0.0,-1.0812
2024-08-03,3,-55.5227,1764.4875,-3.05068,-4.0989
2024-08-04,1,-72.0922,1692.3953,-4.085731,-8.0171
2024-08-05,8,-297.2377,1395.1576,-17.563139,-24.1722
2024-08-06,0,0,1395.1576,0.0,-24.1722
2024-08-07,1,1.2425,1396.4,0.089055,-24.1047
2024-08-08,2,107.0394,1503.4395,7.665386,-18.287
2024-08-09,2,187.6146,1691.0541,12.479026,-8.09
2024-08-10,1,14.9113,1705.9654,0.881777,-7.2796
2024-08-11,1,-3.9249,1702.0405,-0.230068,-7.4929
2024-08-12,2,25.133,1727.1735,1.476638,-6.1269
2024-08-13,3,7.6425,1734.8161,0.442488,-5.7115
2024-08-14,0,0,1734.8161,0.0,-5.7115
2024-08-15,3,-133.7615,1601.0545,-7.710414,-12.9816
2024-08-16,1,-32.5662,1568.4883,-2.034047,-14.7516
2024-08-17,2,41.2111,1609.6995,2.627442,-12.5117
2024-08-18,2,-22.8088,1586.8907,-1.416959,-13.7514
2024-08-19,1,-0.3346,1586.5561,-0.021086,-13.7696
2024-08-20,1,11.0587,1597.6148,0.697024,-13.1685
2024-08-21,1,0.4885,1598.1032,0.030575,-13.142
2024-08-22,3,-48.9797,1549.1235,-3.064865,-15.804
2024-08-23,1,-60.3364,1488.7871,-3.894873,-19.0834
2024-08-24,1,-28.011,1460.7761,-1.881467,-20.6058
2024-08-25,4,1.6159,1462.392,0.110621,-20.518
2024-08-26,1,-22.5834,1439.8086,-1.544277,-21.7454
2024-08-27,2,-3.4319,1436.3768,-0.238356,-21.9319
2024-08-28,3,-16.4316,1419.9452,-1.143961,-22.825
2024-08-29,2,18.5997,1438.5448,1.309885,-21.8141
2024-08-30,3,-29.4833,1409.0616,-2.049519,-23.4165
2024-08-31,1,-29.5663,1379.4952,-2.098299,-25.0235
2024-09-01,1,-36.0167,1343.4785,-2.610862,-26.981
2024-09-02,0,0,1343.4785,0.0,-26.981
2024-09-03,0,0,1343.4785,0.0,-26.981
2024-09-04,1,6.0416,1349.5202,0.449701,-26.6526
2024-09-05,0,0,1349.5202,0.0,-26.6526
2024-09-06,4,-7.7136,1341.8066,-0.571581,-27.0719
2024-09-07,1,-21.2969,1320.5097,-1.587179,-28.2294
2024-09-08,3,39.5394,1360.0491,2.994251,-26.0804
2024-09-09,1,-29.1736,1330.8755,-2.145037,-27.666
2024-09-10,0,0,1330.8755,0.0,-27.666
2024-09-11,4,47.4612,1378.3367,3.566163,-25.0864
2024-09-12,0,0,1378.3367,0.0,-25.0864
2024-09-13,1,-5.9058,1372.4308,-0.428476,-25.4074
2024-09-14,2,14.2017,1386.6325,1.034781,-24.6356
2024-09-15,0,0,1386.6325,0.0,-24.6356
2024-09-16,2,33.7551,1420.3877,2.434326,-22.8009
2024-09-17,1,-32.2399,1388.1477,-2.269798,-24.5532
2024-09-18,4,-74.6635,1313.4842,-5.378645,-28.6112
2024-09-19,1,5.1564,1318.6406,0.392571,-28.331
2024-09-20,1,79.1053,1397.7458,5.999002,-24.0315
2024-09-21,2,22.0826,1419.8284,1.579874,-22.8313
2024-09-22,1,15.2893,1435.1177,1.076841,-22.0003
2024-09-23,3,-82.4065,1352.7112,-5.742142,-26.4792
2024-09-24,0,0,1352.7112,0.0,-26.4792
2024-09-25,3,11.8724,1364.5836,0.877673,-25.8339
2024-09-26,2,-11.1993,1353.3843,-0.820711,-26.4426
2024-09-27,1,-0.982,1352.4024,-0.072557,-26.496
2024-09-28,3,-27.4599,1324.9424,-2.030455,-27.9884
2024-09-29,0,0,1324.9424,0.0,-27.9884
2024-09-30,0,0,1324.9424,0.0,-27.9884
2024-10-01,2,-100.6328,1224.3097,-7.595255,-33.4579
2024-10-02,0,0,1224.3097,0.0,-33.4579
2024-10-03,3,-141.3562,1082.9535,-11.545789,-41.1407
2024-10-04,0,0,1082.9535,0.0,-41.1407
2024-10-05,1,14.353,1097.3065,1.325355,-40.3606
2024-10-06,1,-26.7039,1070.6026,-2.433587,-41.812
2024-10-07,0,0,1070.6026,0.0,-41.812
2024-10-08,0,0,1070.6026,0.0,-41.812
2024-10-09,2,-16.3738,1054.2288,-1.5294,-42.7019
2024-10-10,0,0,1054.2288,0.0,-42.7019
2024-10-11,2,-15.9338,1038.2949,-1.51142,-43.5679
2024-10-12,1,-9.8619,1028.433,-0.94982,-44.1039
2024-10-13,1,6.6855,1035.1185,0.65007,-43.7406
2024-10-14,1,49.1742,1084.2927,4.750586,-41.0679
2024-10-15,2,-21.6094,1062.6834,-1.992946,-42.2424
2024-10-16,3,-48.9999,1013.6835,-4.610959,-44.9056
2024-10-17,1,9.8227,1023.5062,0.969011,-44.3717
2024-10-18,2,-1.6075,1021.8986,-0.157062,-44.4591
2024-10-19,1,-3.5093,1018.3893,-0.343412,-44.6498
2024-10-20,2,-26.8762,991.5131,-2.639087,-46.1106
2024-10-21,3,9.1496,1000.6627,0.922789,-45.6133
2024-10-22,1,25.0385,1025.7013,2.502197,-44.2524
2024-10-23,0,0,1025.7013,0.0,-44.2524
2024-10-24,1,-13.6653,1012.036,-1.33229,-44.9951
2024-10-25,2,-25.0045,987.0315,-2.470713,-46.3541
2024-10-26,1,16.8822,1003.9136,1.710399,-45.4366
2024-10-27,0,0,1003.9136,0.0,-45.4366
2024-10-28,0,0,1003.9136,0.0,-45.4366
2024-10-29,1,-12.3355,991.5782,-1.228739,-46.107
2024-10-30,2,31.9866,1023.5647,3.225826,-44.3685
2024-10-31,1,4.9982,1028.5629,0.488313,-44.0969
2024-11-01,1,-18.587,1009.976,-1.807082,-45.1071
2024-11-02,1,11.4626,1021.4386,1.134937,-44.4841
2024-11-03,1,-22.2627,999.1759,-2.179542,-45.6941
2024-11-04,0,0,999.1759,0.0,-45.6941
2024-11-05,0,0,999.1759,0.0,-45.6941
2024-11-06,6,9.7338,1008.9097,0.974186,-45.165
2024-11-07,3,-39.8874,969.0223,-3.953517,-47.333
2024-11-08,1,-7.7364,961.2859,-0.798375,-47.7534
2024-11-09,0,0,961.2859,0.0,-47.7534
2024-11-10,4,224.9698,1186.2557,23.403008,-35.5262
2024-11-11,1,85.3915,1271.6472,7.198406,-30.8851
2024-11-12,4,105.7028,1377.35,8.312277,-25.1401
2024-11-13,3,-114.9466,1262.4034,-8.345492,-31.3875
2024-11-14,0,0,1262.4034,0.0,-31.3875
2024-11-15,0,0,1262.4034,0.0,-31.3875
2024-11-16,4,137.9127,1400.3161,10.924616,-23.8918
2024-11-17,1,18.8214,1419.1375,1.344083,-22.8689
2024-11-18,1,18.1433,1437.2808,1.278472,-21.8828
2024-11-19,4,-58.3147,1378.966,-4.057296,-25.0522
2024-11-20,0,0,1378.966,0.0,-25.0522
2024-11-21,0,0,1378.966,0.0,-25.0522
2024-11-22,4,90.8293,1469.7954,6.586768,-20.1156
2024-11-23,1,30.2573,1500.0527,2.058607,-18.4711
2024-11-24,2,-54.8037,1445.249,-3.65345,-21.4497
2024-11-25,3,108.6603,1553.9093,7.518451,-15.5439
2024-11-26,2,48.4204,1602.3297,3.116037,-12.9123
2024-11-27,0,0,1602.3297,0.0,-12.9123
2024-11-28,1,-30.9568,1571.3729,-1.931988,-14.5948
2024-11-29,3,89.2449,1660.6178,5.679424,-9.7443
2024-11-30,0,0,1660.6178,0.0,-9.7443
2024-12-01,2,78.3271,1738.9449,4.716746,-5.4871
2024-12-02,2,85.8873,1824.8323,4.939048,-0.8191
2024-12-03,1,-22.838,1801.9943,-1.25151,-2.0603
2024-12-04,3,217.4066,2019.4009,12.064775,0.0
2024-12-05,2,164.5324,2183.9333,8.147587,0.0
2024-12-06,1,82.2566,2266.1899,3.766441,0.0
2024-12-07,1,-16.9039,2249.286,-0.745917,-0.7459
2024-12-08,1,-8.9214,2240.3646,-0.396632,-1.1396
2024-12-09,4,-285.8943,1954.4702,-12.761063,-13.7552
2024-12-10,3,-166.7576,1787.7126,-8.532115,-21.1137
2024-12-11,0,0,1787.7126,0.0,-21.1137
2024-12-12,3,-10.0126,1777.7,-0.560079,-21.5556
2024-12-13,3,200.5913,1978.2913,11.283755,-12.7041
2024-12-14,2,30.3857,2008.677,1.535958,-11.3633
2024-12-15,2,35.9131,2044.5901,1.7879,-9.7785
2024-12-16,3,-51.0286,1993.5616,-2.495785,-12.0302
2024-12-17,0,0,1993.5616,0.0,-12.0302
2024-12-18,3,64.8526,2058.4142,3.253102,-9.1685
2024-12-19,2,-154.2088,1904.2054,-7.491629,-15.9733
2024-12-20,2,-27.4707,1876.7347,-1.442633,-17.1855
2024-12-21,3,297.2925,2174.0272,15.840945,-4.0669
2024-12-22,1,29.2481,2203.2753,1.345342,-2.7762
2024-12-23,1,-16.2059,2187.0694,-0.735536,-3.4913
2024-12-24,1,112.6489,2299.7184,5.15068,0.0
2024-12-25,1,14.9021,2314.6205,0.647996,0.0
2024-12-26,0,0,2314.6205,0.0,0.0
2024-12-27,0,0,2314.6205,0.0,0.0
2024-12-28,4,-67.4239,2247.1966,-2.912957,-2.913
2024-12-29,0,0,2247.1966,0.0,-2.913
2024-12-30,1,9.3813,2256.5778,0.417465,-2.5077
2024-12-31,0,0,2256.5778,0.0,-2.5077
2025-01-01,4,-15.7478,2240.83,-0.697862,-3.188
2025-01-02,0,0,2240.83,0.0,-3.188
2025-01-03,0,0,2240.83,0.0,-3.188
2025-01-04,0,0,2240.83,0.0,-3.188
2025-01-05,2,24.8037,2265.6337,1.106897,-2.1164
2025-01-06,2,6.3399,2271.9736,0.279829,-1.8425
2025-01-07,2,-133.3317,2138.6419,-5.86854,-7.6029
2025-01-08,2,164.0476,2302.6895,7.670643,-0.5155
2025-01-09,0,0,2302.6895,0.0,-0.5155
2025-01-10,1,70.8744,2373.5639,3.077895,0.0
2025-01-11,0,0,2373.5639,0.0,0.0
2025-01-12,0,0,2373.5639,0.0,0.0
2025-01-13,4,107.3068,2480.8707,4.520917,0.0
2025-01-14,0,0,2480.8707,0.0,0.0
2025-01-15,0,0,2480.8707,0.0,0.0
2025-01-16,4,488.4783,2969.349,19.689792,0.0
2025-01-17,0,0,2969.349,0.0,0.0
2025-01-18,3,-99.1034,2870.2456,-3.337545,-3.3375
2025-01-19,2,28.4933,2898.7389,0.992711,-2.378
2025-01-20,1,-110.0304,2788.7085,-3.795802,-6.0835
2025-01-21,0,0,2788.7085,0.0,-6.0835
2025-01-22,5,13.9375,2802.6459,0.499782,-5.6141
2025-01-23,0,0,2802.6459,0.0,-5.6141
2025-01-24,0,0,2802.6459,0.0,-5.6141
2025-01-25,0,0,2802.6459,0.0,-5.6141
2025-01-26,2,-84.7018,2717.9441,-3.02221,-8.4667
2025-01-27,0,0,2717.9441,0.0,-8.4667
2025-01-28,2,-164.8248,2553.1193,-6.064321,-14.0175
2025-01-29,4,14.2072,2567.3265,0.556465,-13.5391
2025-01-30,0,0,2567.3265,0.0,-13.5391
2025-01-31,1,-50.3218,2517.0047,-1.960085,-15.2338
2025-02-01,1,-46.1445,2470.8602,-1.833311,-16.7878
2025-02-02,1,85.831,2556.6912,3.473729,-13.8972
2025-02-03,4,-234.0284,2322.6627,-9.153567,-21.7787
2025-02-04,2,66.3544,2389.0171,2.856825,-19.5441
2025-02-05,3,211.9324,2600.9495,8.871113,-12.4067
2025-02-06,4,-123.6495,2477.3,-4.754015,-16.5709
2025-02-07,2,72.2044,2549.5044,2.914643,-14.1393
2025-02-08,1,-1.3254,2548.179,-0.051988,-14.1839
2025-02-09,1,-58.4939,2489.6851,-2.295516,-16.1538
2025-02-10,1,51.6057,2541.2908,2.072779,-14.4159
2025-02-11,1,-96.288,2445.0028,-3.788939,-17.6586
2025-02-12,3,23.9568,2468.9597,0.979829,-16.8518
2025-02-13,2,-113.2384,2355.7213,-4.586482,-20.6654
2025-02-14,2,-48.2928,2307.4285,-2.050022,-22.2918
2025-02-15,1,-11.0836,2296.3449,-0.480345,-22.665
2025-02-16,1,-36.8909,2259.454,-1.606506,-23.9074
2025-02-17,3,-28.7134,2230.7405,-1.270812,-24.8744
2025-02-18,4,137.24,2367.9805,6.152216,-20.2525
2025-02-19,0,0,2367.9805,0.0,-20.2525
2025-02-20,2,-32.8237,2335.1568,-1.386148,-21.358
2025-02-21,3,-149.4157,2185.7411,-6.398531,-26.3899
2025-02-22,3,26.064,2211.8051,1.192456,-25.5121
2025-02-23,0,0,2211.8051,0.0,-25.5121
2025-02-24,2,7.2667,2219.0718,0.328541,-25.2674
2025-02-25,2,-95.9237,2123.1481,-4.322694,-28.4979
2025-02-26,1,23.7563,2146.9044,1.11892,-27.6978
2025-02-27,2,142.1091,2289.0135,6.619255,-22.9119
2025-02-28,1,-81.3124,2207.7011,-3.55229,-25.6503
2025-03-01,0,0,2207.7011,0.0,-25.6503
2025-03-02,3,213.7222,2421.4233,9.680757,-18.4527
2025-03-03,4,-131.0495,2290.3738,-5.412084,-22.8661
2025-03-04,3,95.3111,2385.6849,4.161376,-19.6563
2025-03-05,2,104.4686,2490.1535,4.378976,-16.1381
2025-03-06,1,66.1122,2556.2656,2.654944,-13.9116
2025-03-07,0,0,2556.2656,0.0,-13.9116
2025-03-08,1,-75.0415,2481.2242,-2.935589,-16.4388
2025-03-09,1,44.5551,2525.7793,1.795691,-14.9383
2025-03-10,5,-93.8719,2431.9074,-3.716551,-18.0996
2025-03-11,0,0,2431.9074,0.0,-18.0996
2025-03-12,0,0,2431.9074,0.0,-18.0996
2025-03-13,4,236.8021,2668.7095,9.737299,-10.1248
2025-03-14,1,-78.7861,2589.9235,-2.952216,-12.7781
2025-03-15,1,-18.7758,2571.1477,-0.724956,-13.4104
2025-03-16,3,-6.9381,2564.2096,-0.269843,-13.644
2025-03-17,1,-64.2297,2499.9799,-2.504853,-15.8071
2025-03-18,2,62.1668,2562.1468,2.486693,-13.7135
2025-03-19,2,39.5052,2601.652,1.541879,-12.3831
2025-03-20,0,0,2601.652,0.0,-12.3831
2025-03-21,1,13.4693,2615.1213,0.517721,-11.9295
2025-03-22,2,-55.5755,2559.5458,-2.125159,-13.8011
2025-03-23,0,0,2559.5458,0.0,-13.8011
2025-03-24,4,40.37,2599.9158,1.577235,-12.4416
2025-03-25,0,0,2599.9158,0.0,-12.4416
2025-03-26,1,-8.0599,2591.856,-0.310005,-12.713
2025-03-27,4,-131.0147,2460.8412,-5.054861,-17.1252
2025-03-28,2,-32.964,2427.8772,-1.339543,-18.2354
2025-03-29,0,0,2427.8772,0.0,-18.2354
2025-03-30,1,61.7333,2489.6105,2.542687,-16.1564
2025-03-31,0,0,2489.6105,0.0,-16.1564
2025-04-01,0,0,2489.6105,0.0,-16.1564
2025-04-02,4,52.8687,2542.4792,2.123572,-14.3759
2025-04-03,0,0,2542.4792,0.0,-14.3759
2025-04-04,1,43.4779,2585.957,1.710058,-12.9116
2025-04-05,1,63.7514,2649.7085,2.465293,-10.7647
2025-04-06,3,76.5581,2726.2666,2.889305,-8.1864
2025-04-07,1,-33.9478,2692.3188,-1.245213,-9.3297
2025-04-08,2,-38.1632,2654.1556,-1.417486,-10.6149
2025-04-09,2,208.299,2862.4546,7.848034,-3.5999
2025-04-10,2,76.0075,2938.4621,2.655327,-1.0402
2025-04-11,2,65.7014,3004.1635,2.235911,0.0
2025-04-12,2,98.2215,3102.385,3.269512,0.0
2025-04-13,0,0,3102.385,0.0,0.0
2025-04-14,0,0,3102.385,0.0,0.0
2025-04-15,3,72.7793,3175.1643,2.345914,0.0
2025-04-16,0,0,3175.1643,0.0,0.0
2025-04-17,1,48.393,3223.5574,1.524112,0.0
2025-04-18,3,-8.1922,3215.3651,-0.254136,-0.2541
2025-04-19,2,-8.3001,3207.065,-0.258138,-0.5116
2025-04-20,2,-68.3049,3138.7601,-2.129826,-2.6305
2025-04-21,0,0,3138.7601,0.0,-2.6305
2025-04-22,1,-76.6773,3062.0828,-2.442917,-5.0092
2025-04-23,3,111.1903,3173.2731,3.631198,-1.5599
2025-04-24,0,0,3173.2731,0.0,-1.5599
2025-04-25,3,45.6616,3218.9348,1.438945,-0.1434
2025-04-26,2,245.7148,3464.6495,7.633419,0.0
2025-04-27,2,54.0432,3518.6927,1.559845,0.0
2025-04-28,2,86.4398,3605.1326,2.45659,0.0
2025-04-29,2,-84.8237,3520.3089,-2.352858,-2.3529
2025-04-30,1,-54.178,3466.1309,-1.539012,-3.8557
2025-05-01,0,0,3466.1309,0.0,-3.8557
2025-05-02,2,-69.6352,3396.4957,-2.009017,-5.7872
2025-05-03,3,-80.5698,3315.9259,-2.372146,-8.0221
2025-05-04,0,0,3315.9259,0.0,-8.0221
2025-05-05,0,0,3315.9259,0.0,-8.0221
2025-05-06,3,64.8391,3380.765,1.955384,-6.2236
2025-05-07,1,25.5717,3406.3367,0.756389,-5.5142
2025-05-08,1,-87.438,3318.8988,-2.56692,-7.9396
2025-05-09,1,-64.6152,3254.2836,-1.946887,-9.7319
2025-05-10,6,559.7328,3814.0164,17.199878,0.0
2025-05-11,2,160.0744,3974.0908,4.197004,0.0
2025-05-12,0,0,3974.0908,0.0,0.0
2025-05-13,4,-11.5241,3962.5667,-0.28998,-0.29
2025-05-14,2,120.5393,4083.106,3.04195,0.0
2025-05-15,1,-156.2828,3926.8232,-3.827546,-3.8275
2025-05-16,2,-108.4623,3818.3609,-2.762088,-6.4839
2025-05-17,1,28.6037,3846.9646,0.749108,-5.7834
2025-05-18,1,-48.479,3798.4856,-1.260188,-6.9707
2025-05-19,2,-96.8519,3701.6336,-2.549751,-9.3427
2025-05-20,0,0,3701.6336,0.0,-9.3427
2025-05-21,1,133.4993,3835.1329,3.606496,-6.0731
2025-05-22,3,169.0579,4004.1908,4.408137,-1.9327
2025-05-23,0,0,4004.1908,0.0,-1.9327
2025-05-24,0,0,4004.1908,0.0,-1.9327
2025-05-25,4,33.214,4037.4048,0.82948,-1.1193
2025-05-26,1,58.7317,4096.1365,1.454689,0.0
2025-05-27,0,0,4096.1365,0.0,0.0
2025-05-28,1,-10.3871,4085.7494,-0.253582,-0.2536
2025-05-29,1,-70.1832,4015.5662,-1.717755,-1.967
2025-05-30,5,-239.2266,3776.3396,-5.957481,-7.8073
2025-05-31,0,0,3776.3396,0.0,-7.8073
2025-06-01,1,29.2773,3805.6169,0.775282,-7.0925
2025-06-02,2,-14.7131,3790.9038,-0.386614,-7.4517
2025-06-03,0,0,3790.9038,0.0,-7.4517
2025-06-04,1,34.9379,3825.8417,0.921624,-6.5988
2025-06-05,2,-52.962,3772.8797,-1.384324,-7.8917
2025-06-06,0,0,3772.8797,0.0,-7.8917
2025-06-07,3,-277.1175,3495.7622,-7.344986,-14.6571
2025-06-08,1,-45.8094,3449.9528,-1.310427,-15.7754
2025-06-09,0,0,3449.9528,0.0,-15.7754
2025-06-10,3,204.0164,3653.9692,5.913601,-10.7947
2025-06-11,0,0,3653.9692,0.0,-10.7947
2025-06-12,3,231.3602,3885.3294,6.33175,-5.1465
2025-06-13,1,66.2609,3951.5903,1.705412,-3.5288
2025-06-14,0,0,3951.5903,0.0,-3.5288
2025-06-15,2,-2.7627,3948.8276,-0.069913,-3.5963
2025-06-16,0,0,3948.8276,0.0,-3.5963
2025-06-17,0,0,3948.8276,0.0,-3.5963
2025-06-18,1,-18.8346,3929.993,-0.476967,-4.0561
2025-06-19,0,0,3929.993,0.0,-4.0561
2025-06-20,0,0,3929.993,0.0,-4.0561
2025-06-21,2,222.2247,4152.2177,5.654583,0.0
2025-06-22,1,-42.0245,4110.1932,-1.012098,-1.0121
2025-06-23,1,-155.4726,3954.7206,-3.782612,-4.7564
2025-06-24,1,-93.8507,3860.8699,-2.373131,-7.0167
2025-06-25,3,530.3647,4391.2345,13.736922,0.0
2025-06-26,2,-78.6698,4312.5647,-1.79152,-1.7915
2025-06-27,1,21.9126,4334.4773,0.508111,-1.2925
2025-06-28,1,-24.7855,4309.6918,-0.571822,-1.8569
2025-06-29,1,106.9847,4416.6765,2.48242,0.0
2025-06-30,2,24.9179,4441.5944,0.564178,0.0
2025-07-01,1,54.9797,4496.5741,1.237836,0.0
2025-07-02,3,35.2298,4531.8039,0.783482,0.0
2025-07-03,1,-169.7838,4362.0201,-3.746494,-3.7465
2025-07-04,2,-64.7399,4297.2802,-1.484174,-5.1751
2025-07-05,0,0,4297.2802,0.0,-5.1751
2025-07-06,0,0,4297.2802,0.0,-5.1751
2025-07-07,1,20.8752,4318.1553,0.485776,-4.7144
2025-07-08,1,42.4875,4360.6428,0.983927,-3.7769
2025-07-09,0,0,4360.6428,0.0,-3.7769
2025-07-10,3,-12.6873,4347.9555,-0.29095,-4.0568
2025-07-11,1,-100.0823,4247.8732,-2.301825,-6.2653
2025-07-12,1,17.1769,4265.0501,0.404364,-5.8863
2025-07-13,1,-7.1659,4257.8842,-0.168014,-6.0444
2025-07-14,1,103.1153,4360.9995,2.42175,-3.769
2025-07-15,1,-9.9109,4351.0885,-0.227263,-3.9877
2025-07-16,2,139.8903,4490.9788,3.215064,-0.9009
2025-07-17,1,422.043,4913.0219,9.397574,0.0
2025-07-18,4,-384.2056,4528.8162,-7.820149,-7.8201
2025-07-19,0,0,4528.8162,0.0,-7.8201
2025-07-20,2,267.9436,4796.7598,5.916416,-2.3664
2025-07-21,4,-251.8167,4544.9432,-5.249724,-7.4919
2025-07-22,1,67.0211,4611.9643,1.474631,-6.1277
2025-07-23,2,-265.2198,4346.7445,-5.75069,-11.5261
2025-07-24,2,-219.2903,4127.4542,-5.044932,-15.9895
2025-07-25,1,206.1554,4333.6096,4.994734,-11.7934
2025-07-26,1,-50.4168,4283.1928,-1.163391,-12.8196
2025-07-27,0,0,4283.1928,0.0,-12.8196
2025-07-28,2,-146.4074,4136.7854,-3.418183,-15.7996
2025-07-29,2,-130.818,4005.9674,-3.16231,-18.4623
2025-07-30,0,0,4005.9674,0.0,-18.4623
2025-07-31,2,131.1937,4137.1611,3.274956,-15.7919
2025-08-01,1,-3.3234,4133.8377,-0.08033,-15.8596
2025-08-02,1,-153.7287,3980.109,-3.718789,-18.9886
2025-08-03,0,0,3980.109,0.0,-18.9886
2025-08-04,0,0,3980.109,0.0,-18.9886
2025-08-05,4,-33.4729,3946.6361,-0.841005,-19.6699
2025-08-06,0,0,3946.6361,0.0,-19.6699
2025-08-07,1,-82.4124,3864.2237,-2.088168,-21.3473
2025-08-08,2,-112.5649,3751.6587,-2.913003,-23.6385
2025-08-09,1,-143.9382,3607.7205,-3.836655,-26.5682
2025-08-10,0,0,3607.7205,0.0,-26.5682
2025-08-11,4,192.7604,3800.4809,5.342996,-22.6447
2025-08-12,1,44.2495,3844.7304,1.164313,-21.7441
2025-08-13,1,-31.9791,3812.7513,-0.831764,-22.395
2025-08-14,3,7.6896,3820.4409,0.201681,-22.2385
2025-08-15,1,-145.8521,3674.5888,-3.817678,-25.2072
2025-08-16,1,9.705,3684.2938,0.264112,-25.0096
2025-08-17,1,-8.374,3675.9198,-0.227289,-25.1801
2025-08-18,0,0,3675.9198,0.0,-25.1801
2025-08-19,2,-87.7526,3588.1672,-2.38723,-26.9662
2025-08-20,0,0,3588.1672,0.0,-26.9662
2025-08-21,1,-11.2971,3576.87,-0.314844,-27.1961
2025-08-22,1,63.586,3640.456,1.7777,-25.9019
2025-08-23,0,0,3640.456,0.0,-25.9019
2025-08-24,2,75.06,3715.5161,2.061831,-24.3741
2025-08-25,2,34.3623,3749.8784,0.924832,-23.6747
2025-08-26,0,0,3749.8784,0.0,-23.6747
2025-08-27,2,10.2115,3760.0899,0.272316,-23.4669
2025-08-28,2,-162.5908,3597.499,-4.324121,-26.7762
2025-08-29,0,0,3597.499,0.0,-26.7762
2025-08-30,4,-50.1753,3547.3237,-1.394727,-27.7975
2025-08-31,0,0,3547.3237,0.0,-27.7975
2025-09-01,3,55.5934,3602.9171,1.567192,-26.666
2025-09-02,2,-28.0474,3574.8697,-0.778464,-27.2368
2025-09-03,1,-43.9979,3530.8718,-1.230755,-28.1324
2025-09-04,1,-53.2612,3477.6107,-1.508442,-29.2165
2025-09-05,0,0,3477.6107,0.0,-29.2165
2025-09-06,4,-64.0843,3413.5263,-1.842769,-30.5208
2025-09-07,1,-19.6709,3393.8554,-0.576263,-30.9212
2025-09-08,1,-28.0631,3365.7924,-0.826879,-31.4924
2025-09-09,4,698.925,4064.7174,20.765542,-17.2665
2025-09-10,2,-6.4189,4058.2984,-0.157918,-17.3971
2025-09-11,4,-254.4522,3803.8462,-6.269923,-22.5762
2025-09-12,0,0,3803.8462,0.0,-22.5762
2025-09-13,2,-287.604,3516.2423,-7.560873,-28.4302
2025-09-14,3,85.395,3601.6373,2.428588,-26.692
2025-09-15,1,90.7949,3692.4322,2.520933,-24.844
2025-09-16,1,59.0116,3751.4437,1.598176,-23.6428
2025-09-17,2,-71.0158,3680.4279,-1.893025,-25.0883
2025-09-18,2,176.6896,3857.1175,4.800789,-21.492
2025-09-19,1,111.8271,3968.9446,2.899241,-19.2158
2025-09-20,3,-30.401,3938.5437,-0.765972,-19.8346
2025-09-21,2,60.2471,3998.7908,1.529681,-18.6083
2025-09-22,0,0,3998.7908,0.0,-18.6083
2025-09-23,0,0,3998.7908,0.0,-18.6083
2025-09-24,4,21.8783,4020.6691,0.547124,-18.163
2025-09-25,1,83.5493,4104.2184,2.077994,-16.4624
2025-09-26,3,-83.0672,4021.1512,-2.023946,-18.1532
2025-09-27,1,-32.8264,3988.3248,-0.816343,-18.8214
2025-09-28,1,37.2252,4025.5501,0.933355,-18.0637
2025-09-29,0,0,4025.5501,0.0,-18.0637
2025-09-30,2,-127.3353,3898.2148,-3.163178,-20.6555
2025-10-01,2,44.2836,3942.4984,1.135998,-19.7541
2025-10-02,0,0,3942.4984,0.0,-19.7541
2025-10-03,2,190.5089,4133.0073,4.832187,-15.8765
2025-10-04,2,-176.2096,3956.7977,-4.263471,-19.4631
2025-10-05,2,6.6558,3963.4536,0.168213,-19.3276
2025-10-06,1,-13.1537,3950.2998,-0.331876,-19.5953
2025-10-07,2,-73.8824,3876.4174,-1.870299,-21.0991
2025-10-08,0,0,3876.4174,0.0,-21.0991
2025-10-09,0,0,3876.4174,0.0,-21.0991
2025-10-10,2,-120.6017,3755.8157,-3.111164,-23.5539
2025-10-11,0,0,3755.8157,0.0,-23.5539
2025-10-12,0,0,3755.8157,0.0,-23.5539
2025-10-13,5,577.283,4333.0987,15.370375,-11.8038
2025-10-14,0,0,4333.0987,0.0,-11.8038
2025-10-15,3,-275.8833,4057.2153,-6.366883,-17.4191
2025-10-16,1,-98.1272,3959.0882,-2.418584,-19.4164
2025-10-17,3,250.2921,4209.3803,6.321962,-14.322
2025-10-18,0,0,4209.3803,0.0,-14.322
2025-10-19,2,161.2033,4370.5835,3.82962,-11.0408
2025-10-20,0,0,4370.5835,0.0,-11.0408
2025-10-21,2,-121.6944,4248.8891,-2.784397,-13.5178
2025-10-22,0,0,4248.8891,0.0,-13.5178
2025-10-23,4,138.1477,4387.0368,3.251384,-10.7059
2025-10-24,0,0,4387.0368,0.0,-10.7059
2025-10-25,4,-48.5579,4338.4789,-1.10685,-11.6943
2025-10-26,0,0,4338.4789,0.0,-11.6943
2025-10-27,2,-50.01,4288.4689,-1.152708,-12.7122
2025-10-28,0,0,4288.4689,0.0,-12.7122
2025-10-29,0,0,4288.4689,0.0,-12.7122
2025-10-30,4,463.9079,4752.3768,10.817566,-3.2698
2025-10-31,0,0,4752.3768,0.0,-3.2698
2025-11-01,0,0,4752.3768,0.0,-3.2698
2025-11-02,1,-119.3186,4633.0582,-2.510714,-5.6984
2025-11-03,3,69.8172,4702.8754,1.506935,-4.2773
2025-11-04,3,92.8118,4795.6872,1.973512,-2.3882
2025-11-05,0,0,4795.6872,0.0,-2.3882
2025-11-06,2,422.4398,5218.127,8.808744,0.0
2025-11-07,3,42.337,5260.464,0.811345,0.0
2025-11-08,3,667.1043,5927.5683,12.681473,0.0
2025-11-09,2,81.5735,6009.1418,1.376171,0.0
2025-11-10,1,-41.0422,5968.0996,-0.682997,-0.683
2025-11-11,2,108.9071,6077.0067,1.824821,0.0
2025-11-12,1,352.4116,6429.4183,5.799099,0.0
2025-11-13,1,82.3654,6511.7837,1.28107,0.0
2025-11-14,1,136.1116,6647.8953,2.090236,0.0
2025-11-15,3,-50.7382,6597.1571,-0.763222,-0.7632
2025-11-16,1,-38.3478,6558.8093,-0.581278,-1.3401
2025-11-17,0,0,6558.8093,0.0,-1.3401
2025-11-18,0,0,6558.8093,0.0,-1.3401
2025-11-19,0,0,6558.8093,0.0,-1.3401
2025-11-20,1,41.8403,6600.6496,0.637924,-0.7107
2025-11-21,2,-31.2217,6569.4278,-0.47301,-1.1803
2025-11-22,0,0,6569.4278,0.0,-1.1803
2025-11-23,2,85.8166,6655.2445,1.306303,0.0
2025-11-24,1,74.1941,6729.4386,1.114822,0.0
2025-11-25,3,-11.0192,6718.4194,-0.163746,-0.1637
2025-11-26,1,-7.0754,6711.3441,-0.105313,-0.2689
2025-11-27,1,-62.6921,6648.652,-0.934121,-1.2005
2025-11-28,3,-197.7025,6450.9495,-2.973573,-4.1384
2025-11-29,2,63.4329,6514.3824,0.98331,-3.1958
2025-11-30,1,140.2084,6654.5908,2.15229,-1.1122
2025-12-01,2,388.9778,7043.5686,5.845255,0.0
2025-12-02,0,0,7043.5686,0.0,0.0
2025-12-03,3,27.5132,7071.0818,0.390615,0.0
2025-12-04,0,0,7071.0818,0.0,0.0
2025-12-05,1,-128.3461,6942.7358,-1.815084,-1.8151
2025-12-06,0,0,6942.7358,0.0,-1.8151
2025-12-07,1,18.4624,6961.1982,0.265924,-1.554
2025-12-08,2,-25.7355,6935.4627,-0.369699,-1.9179
2025-12-09,1,183.2602,7118.7229,2.642364,0.0
2025-12-10,0,0,7118.7229,0.0,0.0
2025-12-11,4,564.8367,7683.5595,7.934523,0.0
2025-12-12,3,-309.8565,7373.703,-4.032721,-4.0327
2025-12-13,1,-1.1382,7372.5648,-0.015436,-4.0475
2025-12-14,1,51.4567,7424.0215,0.697949,-3.3778
2025-12-15,0,0,7424.0215,0.0,-3.3778
2025-12-16,0,0,7424.0215,0.0,-3.3778
2025-12-17,1,-56.8596,7367.1619,-0.765887,-4.1179
2025-12-18,2,-11.9345,7355.2275,-0.161996,-4.2732
2025-12-19,0,0,7355.2275,0.0,-4.2732
2025-12-20,1,78.4729,7433.7004,1.0669,-3.2519
2025-12-21,3,583.4622,8017.1626,7.84888,0.0
2025-12-22,1,-83.3465,7933.8161,-1.039601,-1.0396
2025-12-23,0,0,7933.8161,0.0,-1.0396
2025-12-24,1,171.8845,8105.7006,2.166479,0.0
2025-12-25,1,29.7594,8135.46,0.367142,0.0
2025-12-26,1,29.1658,8164.6258,0.358502,0.0
2025-12-27,1,-41.3143,8123.3115,-0.506015,-0.506
2025-12-28,0,0,8123.3115,0.0,-0.506
2025-12-29,1,80.084,8203.3955,0.985854,0.0
2025-12-30,4,158.9386,8362.3341,1.937473,0.0
2025-12-31,0,0,8362.3341,0.0,0.0
2026-01-01,1,29.9487,8392.2828,0.358139,0.0
2026-01-02,1,-317.062,8075.2208,-3.778019,-3.778
2026-01-03,3,481.4156,8556.6364,5.96164,0.0
2026-01-04,0,0,8556.6364,0.0,0.0
2026-01-05,1,-76.4539,8480.1826,-0.893504,-0.8935
2026-01-06,3,373.3837,8853.5663,4.403015,0.0
2026-01-07,1,56.3337,8909.9,0.636282,0.0
2026-01-08,3,-379.6579,8530.242,-4.26108,-4.2611
2026-01-09,1,37.1605,8567.4026,0.435633,-3.844
2026-01-10,1,322.3974,8889.8,3.76307,-0.2256
2026-01-11,3,-5.7017,8884.0982,-0.064138,-0.2896
2026-01-12,0,0,8884.0982,0.0,-0.2896
2026-01-13,1,-4.0828,8880.0154,-0.045957,-0.3354
2026-01-14,2,-250.29,8629.7254,-2.818576,-3.1445
2026-01-15,0,0,8629.7254,0.0,-3.1445
2026-01-16,1,80.5716,8710.297,0.933652,-2.2402
2026-01-17,0,0,8710.297,0.0,-2.2402
2026-01-18,1,161.3908,8871.6878,1.852874,-0.4289
2026-01-19,1,-318.5683,8553.1195,-3.590842,-4.0043
2026-01-20,0,0,8553.1195,0.0,-4.0043
2026-01-21,3,376.7632,8929.8827,4.40498,0.0
2026-01-22,0,0,8929.8827,0.0,0.0
2026-01-23,3,308.6269,9238.5096,3.456114,0.0
2026-01-24,1,-97.8229,9140.6867,-1.05886,-1.0589
2026-01-25,1,182.3393,9323.0259,1.99481,0.0
2026-01-26,0,0,9323.0259,0.0,0.0
2026-01-27,1,-136.7362,9186.2898,-1.46665,-1.4667
2026-01-28,0,0,9186.2898,0.0,-1.4667
2026-01-29,1,-136.823,9049.4668,-1.489426,-2.9342
2026-01-30,1,-100.942,8948.5248,-1.115446,-4.0169
2026-01-31,2,443.5863,9392.1111,4.957088,0.0
2026-02-01,5,-284.9464,9107.1647,-3.033891,-3.0339
2026-02-02,0,0,9107.1647,0.0,-3.0339
2026-02-03,1,275.8005,9382.9652,3.028391,-0.0974
2026-02-04,4,-159.2867,9223.6785,-1.697615,-1.7933
2026-02-05,6,-1015.0429,8208.6356,-11.004752,-12.6007
2026-02-06,3,-741.2289,7467.4067,-9.029867,-20.4928
2026-02-07,1,376.0946,7843.5013,5.036482,-16.4884
2026-02-08,4,622.0139,8465.5152,7.930309,-9.8657
2026-02-09,1,-77.2691,8388.2461,-0.912751,-10.6884
2026-02-10,1,-78.4038,8309.8423,-0.934686,-11.5232
2026-02-11,3,-548.566,7761.2763,-6.601401,-17.3639
2026-02-12,1,-183.8049,7577.4713,-2.368231,-19.3209
2026-02-13,0,0,7577.4713,0.0,-19.3209
2026-02-14,4,1628.6783,9206.1496,21.493691,-1.98
2026-02-15,1,-138.6575,9067.4922,-1.50614,-3.4563
2026-02-16,2,208.4966,9275.9887,2.299385,-1.2364
2026-02-17,2,394.2348,9670.2235,4.250057,0.0
2026-02-18,2,99.1474,9769.371,1.025286,0.0
2026-02-19,1,138.5328,9907.9038,1.418032,0.0
2026-02-20,1,263.8015,10171.7053,2.662536,0.0
2026-02-21,3,1009.4651,11181.1704,9.924246,0.0
2026-02-22,2,106.2662,11287.4365,0.950403,0.0
2026-02-23,2,-267.367,11020.0696,-2.368713,-2.3687
2026-02-24,0,0,11020.0696,0.0,-2.3687
2026-02-25,4,1607.5652,12627.6348,14.587614,0.0
2026-02-26,1,21.3242,12648.959,0.168869,0.0
2026-02-27,4,75.0828,12724.0418,0.593589,0.0
2026-02-28,0,0,12724.0418,0.0,0.0
2026-03-01,1,-161.0453,12562.9965,-1.265677,-1.2657
2026-03-02,3,847.4683,13410.4648,6.74575,0.0
2026-03-03,1,144.4187,13554.8835,1.07691,0.0
2026-03-04,1,415.0286,13969.9121,3.061838,0.0
2026-03-05,2,23.2736,13993.1857,0.166598,0.0
2026-03-06,1,-16.1348,13977.0509,-0.115304,-0.1153
2026-03-07,0,0,13977.0509,0.0,-0.1153
2026-03-08,0,0,13977.0509,0.0,-0.1153
2026-03-09,0,0,13977.0509,0.0,-0.1153
2026-03-10,2,-71.9517,13905.0992,-0.514785,-0.6295
2026-03-11,2,104.062,14009.1612,0.748373,0.0
2026-03-12,2,-211.1774,13797.9839,-1.507423,-1.5074
2026-03-13,2,-339.5177,13458.4662,-2.460633,-3.931
2026-03-14,3,95.9368,13554.4029,0.712836,-3.2461
2026-03-15,0,0,13554.4029,0.0,-3.2461
2026-03-16,1,-82.3064,13472.0965,-0.60723,-3.8337
2026-03-17,0,0,13472.0965,0.0,-3.8337
2026-03-18,1,3.4104,13475.5069,0.025314,-3.8093
2026-03-19,3,305.5737,13781.0806,2.267623,-1.6281
2026-03-20,0,0,13781.0806,0.0,-1.6281
2026-03-21,1,-183.7781,13597.3025,-1.333554,-2.9399
2026-03-22,3,588.6604,14185.9629,4.329244,0.0
2026-03-23,1,-537.7861,13648.1768,-3.790974,-3.791
2026-03-24,2,17.3984,13665.5752,0.127478,-3.6683
2026-03-25,3,-412.9835,13252.5917,-3.022072,-6.5795
2026-03-26,1,-517.1688,12735.4229,-3.902397,-10.2252
2026-03-27,0,0,12735.4229,0.0,-10.2252
2026-03-28,0,0,12735.4229,0.0,-10.2252
2026-03-29,2,31.3116,12766.7344,0.245862,-10.0045
2026-03-30,3,-166.5173,12600.2171,-1.304306,-11.1783
2026-03-31,0,0,12600.2171,0.0,-11.1783
2026-04-01,2,-537.1746,12063.0425,-4.263217,-14.9649
2026-04-02,2,241.9937,12305.0362,2.006075,-13.2591
2026-04-03,1,44.4371,12349.4733,0.361129,-12.9458
2026-04-04,1,-46.7805,12302.6928,-0.378805,-13.2756
2026-04-05,1,-173.6327,12129.0601,-1.411339,-14.4996
2026-04-06,1,-92.0659,12036.9942,-0.759052,-15.1486
2026-04-07,1,-177.7572,11859.237,-1.476758,-16.4016
2026-04-08,1,-150.9362,11708.3007,-1.272731,-17.4656
2026-04-09,1,-142.6641,11565.6367,-1.218487,-18.4713
2026-04-10,3,87.7895,11653.4261,0.759054,-17.8524
2026-04-11,1,252.3006,11905.7267,2.165034,-16.0739
2026-04-12,3,-233.3705,11672.3562,-1.960154,-17.719
2026-04-13,1,-114.7073,11557.6489,-0.982726,-18.5276
2026-04-14,0,0,11557.6489,0.0,-18.5276
2026-04-15,2,164.5737,11722.2226,1.423937,-17.3675
2026-04-16,4,-59.6804,11662.5422,-0.509122,-17.7882
2026-04-17,0,0,11662.5422,0.0,-17.7882
2026-04-18,3,-492.7993,11169.7429,-4.225488,-21.262
2026-04-19,2,438.1953,11607.9382,3.923056,-18.1731
2026-04-20,1,-92.8168,11515.1213,-0.799598,-18.8274
2026-04-21,2,-474.0766,11041.0447,-4.116992,-22.1692
2026-04-22,1,-126.797,10914.2477,-1.148415,-23.063
2026-04-23,3,-171.6028,10742.6448,-1.572283,-24.2727
2026-04-24,1,-38.5243,10704.1205,-0.358611,-24.5443
2026-04-25,1,-58.1775,10645.9431,-0.543505,-24.9544
2026-04-26,2,-168.1804,10477.7627,-1.57976,-26.1399
2026-04-27,0,0,10477.7627,0.0,-26.1399
2026-04-28,2,-493.9939,9983.7688,-4.714689,-29.6222
2026-04-29,2,169.4597,10153.2285,1.697352,-28.4276
2026-04-30,2,198.4214,10351.6499,1.954269,-27.0289
2026-05-01,3,-0.1153,10351.5346,-0.001114,-27.0297
2026-05-02,1,-7.7642,10343.7704,-0.075005,-27.0845
2026-05-03,0,0,10343.7704,0.0,-27.0845
2026-05-04,1,86.7459,10430.5164,0.83863,-26.473
2026-05-05,3,-20.7608,10409.7556,-0.199039,-26.6193
2026-05-06,1,-391.9754,10017.7802,-3.765462,-29.3824
2026-05-07,5,3900.6578,13918.438,38.937347,-1.8858
2026-05-08,1,-154.1272,13764.3108,-1.10736,-2.9723
2026-05-09,3,-106.5305,13657.7803,-0.773962,-3.7233
2026-05-10,3,-360.0641,13297.7163,-2.636329,-6.2614
2026-05-11,1,46.2741,13343.9903,0.347985,-5.9353
2026-05-12,3,505.0853,13849.0756,3.785114,-2.3748
2026-05-13,0,0,13849.0756,0.0,-2.3748
2026-05-14,2,590.4132,14439.4888,4.263195,0.0
2026-05-15,2,-575.5269,13863.9619,-3.985784,-3.9858
2026-05-16,2,-1097.9703,12765.9915,-7.9196,-11.5897
2026-05-17,1,59.3636,12825.3552,0.465014,-11.1786
2026-05-18,0,0,12825.3552,0.0,-11.1786
2026-05-19,0,0,12825.3552,0.0,-11.1786
2026-05-20,1,-155.5645,12669.7907,-1.212945,-12.256
2026-05-21,3,8.8589,12678.6496,0.069921,-12.1946
2026-05-22,1,-146.1397,12532.5099,-1.152644,-13.2067
2026-05-23,1,109.8997,12642.4095,0.876917,-12.4456
2026-05-24,1,-117.7559,12524.6536,-0.931436,-13.2611
2026-05-25,2,378.4437,12903.0974,3.02159,-10.6402
2026-05-26,1,966.8163,13869.9137,7.492901,-3.9446
2026-05-27,3,-178.7025,13691.2112,-1.288418,-5.1822
2026-05-28,1,-528.6322,13162.579,-3.861106,-8.8432
2026-05-29,2,-263.9651,12898.6138,-2.005421,-10.6713
2026-05-30,3,-734.3016,12164.3122,-5.692872,-15.7566
2026-05-31,1,-11.522,12152.7903,-0.094719,-15.8364
2026-06-01,3,324.8607,12477.651,2.673137,-13.5866
2026-06-02,3,451.0121,12928.6631,3.614559,-10.4632
2026-06-03,4,-605.6186,12323.0445,-4.68431,-14.6573
2026-06-04,5,-1871.4655,10451.5789,-15.186714,-27.6181
2026-06-05,3,-20.7303,10430.8487,-0.198346,-27.7616
2026-06-06,3,172.6707,10603.5194,1.655385,-26.5658
2026-06-07,2,523.3439,11126.8633,4.935568,-22.9414
2026-06-08,1,227.5692,11354.4325,2.045223,-21.3654
2026-06-09,3,294.0611,11648.4936,2.589835,-19.3289
2026-06-10,2,46.4965,11694.9901,0.399163,-19.0069
2026-06-11,3,759.918,12454.9081,6.497808,-13.7441
2026-06-12,1,176.9408,12631.8489,1.420651,-12.5187
2026-06-13,3,-495.9782,12135.8707,-3.92641,-15.9536
2026-06-14,1,-104.0364,12031.8342,-0.857264,-16.6741
2026-06-15,0,0,12031.8342,0.0,-16.6741
2026-06-16,1,-289.4369,11742.3974,-2.405592,-18.6786
2026-06-17,4,450.8731,12193.2704,3.839702,-15.5561
2026-06-18,2,347.3423,12540.6127,2.848639,-13.1506
2026-06-19,1,-171.6385,12368.9742,-1.368661,-14.3393
2026-06-20,3,-179.9484,12189.0258,-1.454837,-15.5855
2026-06-21,2,-198.8649,11990.1609,-1.631508,-16.9627
2026-06-22,1,14.811,12004.9719,0.123526,-16.8601
2026-06-23,1,-46.3666,11958.6053,-0.386228,-17.1812
2026-06-24,1,270.0767,12228.682,2.25843,-15.3108
2026-06-25,2,450.2873,12678.9693,3.682222,-12.1924
2026-06-26,2,-305.2228,12373.7465,-2.407315,-14.3062
2026-06-27,3,-249.7054,12124.0412,-2.018025,-16.0355
2026-06-28,0,0,12124.0412,0.0,-16.0355
2026-06-29,1,264.7568,12388.798,2.183734,-14.202
2026-06-30,0,0,12388.798,0.0,-14.202
2026-07-01,5,991.733,13380.531,8.005079,-7.3338
2026-07-02,0,0,13380.531,0.0,-7.3338
2026-07-03,4,-104.5701,13275.9609,-0.78151,-8.058
2026-07-04,2,-564.709,12711.2518,-4.253621,-11.9688
2026-07-05,3,482.2732,13193.5251,3.794066,-8.6289
2026-07-06,1,11.3745,13204.8996,0.086213,-8.5501
2026-07-07,4,-333.6447,12871.2549,-2.526674,-10.8607
2026-07-08,1,-148.0805,12723.1743,-1.150475,-11.8863
2026-07-09,1,273.3666,12996.541,2.148573,-9.9931
2026-07-10,3,179.5939,13176.1348,1.381859,-8.7493
2026-07-11,2,-86.8587,13089.2761,-0.659212,-9.3508
2026-07-12,0,0,13089.2761,0.0,-9.3508
2026-07-13,3,-42.7752,13046.5009,-0.326796,-9.6471
2026-07-14,0,0,13046.5009,0.0,-9.6471
2026-07-15,3,-323.9177,12722.5832,-2.482794,-11.8903
2026-07-16,3,-105.4818,12617.1014,-0.829091,-12.6209
2026-07-17,0,0,12617.1014,0.0,-12.6209
2026-07-18,2,-23.9026,12593.1988,-0.189446,-12.7864
2026-07-19,1,-55.9226,12537.2762,-0.44407,-13.1737
2026-07-20,2,-2.3725,12534.9037,-0.018924,-13.1901
2026-07-21,1,128.0879,12662.9916,1.02185,-12.303
2026-07-22,0,0,12662.9916,0.0,-12.303
2026-07-23,3,339.1755,13002.1671,2.678479,-9.9541
2026-07-24,1,-250.0094,12752.1577,-1.922829,-11.6855
2026-07-25,1,-8.7925,12743.3652,-0.068949,-11.7464
2026-07-26,2,-119.8053,12623.5599,-0.940139,-12.5761
2026-07-27,3,116.6694,12740.2293,0.924219,-11.7681
2026-07-28,0,0,12740.2293,0.0,-11.7681
2026-07-29,1,62.6253,12802.8546,0.491555,-11.3344
2026-07-30,0,0,12802.8546,0.0,-11.3344
2026-07-31,3,130.0997,12932.9543,1.016177,-10.4334
2026-08-01,2,-60.6977,12872.2566,-0.469326,-10.8538
