date,pnl_usd,equity,n_open,ret_pct
2024-07-01,0.0,1000.0,1,0.0
2024-07-02,0.0,1000.0,2,0.0
2024-07-03,0.0,1000.0,5,0.0
2024-07-04,0.0,1000.0,6,0.0
2024-07-05,0.0,1000.0,6,0.0
2024-07-06,0.0,1000.0,6,0.0
2024-07-07,0.0,1000.0,6,0.0
2024-07-08,0.0,1000.0,6,0.0
2024-07-09,-2.8632,997.1368,5,-0.286324
2024-07-10,0.0,997.1368,5,0.0
2024-07-11,0.0,997.1368,5,0.0
2024-07-12,0.0,997.1368,5,0.0
2024-07-13,0.0,997.1368,6,0.0
2024-07-14,-5.0468,992.09,6,-0.506124
2024-07-15,-3.3597,988.7303,6,-0.338653
2024-07-16,-6.513,982.2173,5,-0.658722
2024-07-17,-0.8942,981.3231,5,-0.091035
2024-07-18,0.0,981.3231,5,0.0
2024-07-19,0.0,981.3231,6,0.0
2024-07-20,-2.5453,978.7778,6,-0.259378
2024-07-21,0.0,978.7778,6,0.0
2024-07-22,0.0,978.7778,6,0.0
2024-07-23,0.0,978.7778,6,0.0
2024-07-24,0.0,978.7778,6,0.0
2024-07-25,0.0,978.7778,6,0.0
2024-07-26,0.0,978.7778,6,0.0
2024-07-27,0.0,978.7778,6,0.0
2024-07-28,0.0,978.7778,6,0.0
2024-07-29,0.0,978.7778,6,0.0
2024-07-30,-6.2831,972.4947,6,-0.641933
2024-07-31,-22.6066,949.888,6,-2.324604
2024-08-01,-6.4903,943.3977,6,-0.683274
2024-08-02,0.0,943.3977,6,0.0
2024-08-03,0.0,943.3977,6,0.0
2024-08-04,0.0,943.3977,6,0.0
2024-08-05,-5.1145,938.2832,6,-0.542134
2024-08-06,0.0,938.2832,6,0.0
2024-08-07,0.0,938.2832,6,0.0
2024-08-08,-7.1351,931.1482,4,-0.760437
2024-08-09,0.0,931.1482,4,0.0
2024-08-10,0.0,931.1482,5,0.0
2024-08-11,0.0,931.1482,5,0.0
2024-08-12,4.6518,935.8,5,0.499578
2024-08-13,0.0,935.8,5,0.0
2024-08-14,0.0,935.8,5,0.0
2024-08-15,-3.1272,932.6728,4,-0.334177
2024-08-16,0.0,932.6728,4,0.0
2024-08-17,0.0,932.6728,4,0.0
2024-08-18,4.4381,937.1109,3,0.475848
2024-08-19,0.0,937.1109,4,0.0
2024-08-20,-3.6196,933.4912,3,-0.386254
2024-08-21,3.807,937.2982,2,0.407821
2024-08-22,0.0,937.2982,2,0.0
2024-08-23,0.0,937.2982,6,0.0
2024-08-24,0.0,937.2982,6,0.0
2024-08-25,0.0,937.2982,6,0.0
2024-08-26,0.0,937.2982,6,0.0
2024-08-27,-8.1163,929.1819,4,-0.865921
2024-08-28,-7.4498,921.7322,4,-0.801757
2024-08-29,0.0,921.7322,4,0.0
2024-08-30,0.0,921.7322,4,0.0
2024-08-31,-2.2389,919.4932,3,-0.242904
2024-09-01,-8.4675,911.0257,6,-0.920886
2024-09-02,0.0,911.0257,6,0.0
2024-09-03,0.0,911.0257,6,0.0
2024-09-04,0.0,911.0257,6,0.0
2024-09-05,-8.6187,902.4071,5,-0.946041
2024-09-06,0.0,902.4071,6,0.0
2024-09-07,0.0,902.4071,6,0.0
2024-09-08,0.0,902.4071,6,0.0
2024-09-09,0.0,902.4071,6,0.0
2024-09-10,0.0,902.4071,6,0.0
2024-09-11,0.0,902.4071,6,0.0
2024-09-12,-5.53,896.8771,5,-0.612803
2024-09-13,-5.7641,891.1129,4,-0.642691
2024-09-14,0.0,891.1129,4,0.0
2024-09-15,0.0,891.1129,5,0.0
2024-09-16,0.0,891.1129,5,0.0
2024-09-17,0.0,891.1129,5,0.0
2024-09-18,-6.5863,884.5266,6,-0.739109
2024-09-19,0.0,884.5266,6,0.0
2024-09-20,-7.0225,877.5041,6,-0.793932
2024-09-21,0.0,877.5041,6,0.0
2024-09-22,0.0,877.5041,6,0.0
2024-09-23,-6.0456,871.4585,6,-0.688957
2024-09-24,0.0,871.4585,6,0.0
2024-09-25,0.0,871.4585,6,0.0
2024-09-26,0.0,871.4585,6,0.0
2024-09-27,0.0,871.4585,6,0.0
2024-09-28,0.0,871.4585,6,0.0
2024-09-29,0.0,871.4585,6,0.0
2024-09-30,0.0,871.4585,6,0.0
2024-10-01,-11.3997,860.0588,4,-1.308113
2024-10-02,0.5916,860.6505,4,0.068791
2024-10-03,1.4726,862.1231,3,0.171102
2024-10-04,0.0,862.1231,3,0.0
2024-10-05,0.0,862.1231,3,0.0
2024-10-06,0.0,862.1231,3,0.0
2024-10-07,0.0,862.1231,3,0.0
2024-10-08,0.0,862.1231,3,0.0
2024-10-09,0.0,862.1231,4,0.0
2024-10-10,0.0,862.1231,4,0.0
2024-10-11,0.0,862.1231,4,0.0
2024-10-12,0.0,862.1231,4,0.0
2024-10-13,0.0,862.1231,4,0.0
2024-10-14,0.0,862.1231,6,0.0
2024-10-15,0.0,862.1231,6,0.0
2024-10-16,0.0,862.1231,6,0.0
2024-10-17,0.0,862.1231,6,0.0
2024-10-18,0.0,862.1231,6,0.0
2024-10-19,0.0,862.1231,6,0.0
2024-10-20,-5.4985,856.6246,6,-0.637784
2024-10-21,0.0,856.6246,6,0.0
2024-10-22,0.0,856.6246,6,0.0
2024-10-23,0.0,856.6246,6,0.0
2024-10-24,0.0,856.6246,6,0.0
2024-10-25,21.5779,878.2025,6,2.518945
2024-10-26,0.0,878.2025,6,0.0
2024-10-27,0.0,878.2025,6,0.0
2024-10-28,0.0,878.2025,6,0.0
2024-10-29,0.0,878.2025,6,0.0
2024-10-30,0.0,878.2025,6,0.0
2024-10-31,0.0,878.2025,6,0.0
2024-11-01,0.0,878.2025,6,0.0
2024-11-02,0.0,878.2025,6,0.0
2024-11-03,0.0,878.2025,6,0.0
2024-11-04,-8.435,869.7674,6,-0.96049
2024-11-05,0.0,869.7674,6,0.0
2024-11-06,-25.441,844.3264,6,-2.925035
2024-11-07,-12.2177,832.1087,6,-1.447034
2024-11-08,0.0,832.1087,6,0.0
2024-11-09,-1.6234,830.4853,6,-0.195096
2024-11-10,0.0,830.4853,6,0.0
2024-11-11,0.0,830.4853,6,0.0
2024-11-12,0.0,830.4853,6,0.0
2024-11-13,0.0,830.4853,6,0.0
2024-11-14,-4.5445,825.9409,5,-0.547206
2024-11-15,0.0,825.9409,6,0.0
2024-11-16,0.0,825.9409,6,0.0
2024-11-17,0.0,825.9409,6,0.0
2024-11-18,0.0,825.9409,6,0.0
2024-11-19,0.0,825.9409,6,0.0
2024-11-20,0.0,825.9409,6,0.0
2024-11-21,0.0,825.9409,6,0.0
2024-11-22,0.0,825.9409,6,0.0
2024-11-23,0.0,825.9409,6,0.0
2024-11-24,0.0,825.9409,6,0.0
2024-11-25,0.0,825.9409,6,0.0
2024-11-26,0.0,825.9409,6,0.0
2024-11-27,0.0,825.9409,6,0.0
2024-11-28,0.0,825.9409,6,0.0
2024-11-29,0.0,825.9409,6,0.0
2024-11-30,0.0,825.9409,6,0.0
2024-12-01,0.0,825.9409,6,0.0
2024-12-02,0.0,825.9409,6,0.0
2024-12-03,0.0,825.9409,6,0.0
2024-12-04,0.0,825.9409,6,0.0
2024-12-05,0.0,825.9409,6,0.0
2024-12-06,0.0,825.9409,6,0.0
2024-12-07,0.0,825.9409,6,0.0
2024-12-08,0.0,825.9409,6,0.0
2024-12-09,105.0938,931.0347,4,12.72413
2024-12-10,0.0,931.0347,4,0.0
2024-12-11,0.0,931.0347,5,0.0
2024-12-12,0.0,931.0347,5,0.0
2024-12-13,0.0,931.0347,5,0.0
2024-12-14,0.0,931.0347,5,0.0
2024-12-15,0.0,931.0347,6,0.0
2024-12-16,0.0,931.0347,6,0.0
2024-12-17,0.0,931.0347,6,0.0
2024-12-18,27.5717,958.6064,6,2.961408
2024-12-19,-10.6039,948.0025,6,-1.10618
2024-12-20,0.0,948.0025,6,0.0
2024-12-21,33.0557,981.0582,5,3.486877
2024-12-22,0.0,981.0582,5,0.0
2024-12-23,0.0,981.0582,5,0.0
2024-12-24,0.0,981.0582,5,0.0
2024-12-25,0.0,981.0582,5,0.0
2024-12-26,26.3634,1007.4216,4,2.687241
2024-12-27,0.0,1007.4216,4,0.0
2024-12-28,0.0,1007.4216,4,0.0
2024-12-29,0.0,1007.4216,4,0.0
2024-12-30,0.0,1007.4216,5,0.0
2024-12-31,0.0,1007.4216,5,0.0
2025-01-01,0.0,1007.4216,5,0.0
2025-01-02,0.0,1007.4216,5,0.0
2025-01-03,-5.2116,1002.2099,4,-0.517325
2025-01-04,0.0,1002.2099,4,0.0
2025-01-05,0.0,1002.2099,4,0.0
2025-01-06,0.0,1002.2099,4,0.0
2025-01-07,0.0,1002.2099,4,0.0
2025-01-08,0.0,1002.2099,4,0.0
2025-01-09,0.0,1002.2099,6,0.0
2025-01-10,0.0,1002.2099,6,0.0
2025-01-11,0.0,1002.2099,6,0.0
2025-01-12,0.0,1002.2099,6,0.0
2025-01-13,0.0,1002.2099,6,0.0
2025-01-14,0.0,1002.2099,6,0.0
2025-01-15,0.0,1002.2099,6,0.0
2025-01-16,0.0,1002.2099,6,0.0
2025-01-17,0.0,1002.2099,6,0.0
2025-01-18,0.0,1002.2099,6,0.0
2025-01-19,0.0,1002.2099,6,0.0
2025-01-20,0.0,1002.2099,6,0.0
2025-01-21,0.0,1002.2099,6,0.0
2025-01-22,0.0,1002.2099,6,0.0
2025-01-23,0.0,1002.2099,6,0.0
2025-01-24,0.0,1002.2099,6,0.0
2025-01-25,3.0451,1005.255,6,0.30384
2025-01-26,0.0,1005.255,6,0.0
2025-01-27,0.0,1005.255,6,0.0
2025-01-28,0.0,1005.255,6,0.0
2025-01-29,0.0,1005.255,6,0.0
2025-01-30,0.0,1005.255,6,0.0
2025-01-31,0.0,1005.255,6,0.0
2025-02-01,0.0,1005.255,6,0.0
2025-02-02,0.0,1005.255,6,0.0
2025-02-03,0.0,1005.255,6,0.0
2025-02-04,0.0,1005.255,6,0.0
2025-02-05,0.0,1005.255,6,0.0
2025-02-06,0.0,1005.255,6,0.0
2025-02-07,0.0,1005.255,6,0.0
2025-02-08,5.2038,1010.4588,5,0.51766
2025-02-09,0.0,1010.4588,5,0.0
2025-02-10,0.0,1010.4588,5,0.0
2025-02-11,2.5427,1013.0015,5,0.251633
2025-02-12,0.0,1013.0015,5,0.0
2025-02-13,0.0,1013.0015,5,0.0
2025-02-14,0.0,1013.0015,5,0.0
2025-02-15,0.0,1013.0015,5,0.0
2025-02-16,0.0,1013.0015,5,0.0
2025-02-17,0.0,1013.0015,5,0.0
2025-02-18,0.0,1013.0015,5,0.0
2025-02-19,7.066,1020.0675,4,0.697529
2025-02-20,10.6066,1030.6741,3,1.039799
2025-02-21,0.0,1030.6741,3,0.0
2025-02-22,0.0,1030.6741,3,0.0
2025-02-23,0.0,1030.6741,3,0.0
2025-02-24,0.0,1030.6741,6,0.0
2025-02-25,0.0,1030.6741,6,0.0
2025-02-26,0.0,1030.6741,6,0.0
2025-02-27,0.0,1030.6741,6,0.0
2025-02-28,0.0,1030.6741,6,0.0
2025-03-01,0.0,1030.6741,6,0.0
2025-03-02,0.0,1030.6741,6,0.0
2025-03-03,0.0,1030.6741,6,0.0
2025-03-04,0.0,1030.6741,6,0.0
2025-03-05,0.0,1030.6741,6,0.0
2025-03-06,0.0,1030.6741,6,0.0
2025-03-07,0.0,1030.6741,6,0.0
2025-03-08,0.0,1030.6741,6,0.0
2025-03-09,0.0,1030.6741,6,0.0
2025-03-10,0.0,1030.6741,6,0.0
2025-03-11,0.0,1030.6741,6,0.0
2025-03-12,0.0,1030.6741,6,0.0
2025-03-13,0.0,1030.6741,6,0.0
2025-03-14,0.0,1030.6741,6,0.0
2025-03-15,0.0,1030.6741,6,0.0
2025-03-16,0.0,1030.6741,6,0.0
2025-03-17,0.0,1030.6741,6,0.0
2025-03-18,0.0,1030.6741,6,0.0
2025-03-19,0.0,1030.6741,6,0.0
2025-03-20,0.0,1030.6741,6,0.0
2025-03-21,0.0,1030.6741,6,0.0
2025-03-22,0.0,1030.6741,6,0.0
2025-03-23,0.0,1030.6741,6,0.0
2025-03-24,2.1259,1032.8,4,0.206259
2025-03-25,0.0,1032.8,4,0.0
2025-03-26,13.9735,1046.7734,4,1.352969
2025-03-27,11.1856,1057.959,4,1.068577
2025-03-28,0.0,1057.959,4,0.0
2025-03-29,0.0,1057.959,5,0.0
2025-03-30,-6.2786,1051.6804,4,-0.593463
2025-03-31,0.0,1051.6804,5,0.0
2025-04-01,0.0,1051.6804,6,0.0
2025-04-02,0.0,1051.6804,6,0.0
2025-04-03,0.0,1051.6804,6,0.0
2025-04-04,-9.1713,1042.5091,6,-0.87206
2025-04-05,0.0,1042.5091,6,0.0
2025-04-06,0.0,1042.5091,6,0.0
2025-04-07,0.0,1042.5091,6,0.0
2025-04-08,0.0,1042.5091,6,0.0
2025-04-09,-4.6063,1037.9029,6,-0.441844
2025-04-10,0.0,1037.9029,6,0.0
2025-04-11,0.0,1037.9029,6,0.0
2025-04-12,0.0,1037.9029,6,0.0
2025-04-13,0.0,1037.9029,6,0.0
2025-04-14,0.0,1037.9029,6,0.0
2025-04-15,0.0,1037.9029,6,0.0
2025-04-16,0.0,1037.9029,6,0.0
2025-04-17,0.0,1037.9029,6,0.0
2025-04-18,0.0,1037.9029,6,0.0
2025-04-19,-0.3604,1037.5425,6,-0.034723
2025-04-20,0.7582,1038.3007,5,0.073081
2025-04-21,0.0,1038.3007,6,0.0
2025-04-22,7.3364,1045.6372,6,0.706581
2025-04-23,0.0,1045.6372,6,0.0
2025-04-24,2.3715,1048.0086,6,0.226798
2025-04-25,0.0,1048.0086,6,0.0
2025-04-26,0.0,1048.0086,6,0.0
2025-04-27,0.0,1048.0086,6,0.0
2025-04-28,0.0,1048.0086,6,0.0
2025-04-29,0.0,1048.0086,6,0.0
2025-04-30,0.0,1048.0086,6,0.0
2025-05-01,0.0,1048.0086,6,0.0
2025-05-02,0.0,1048.0086,6,0.0
2025-05-03,0.0,1048.0086,6,0.0
2025-05-04,0.0,1048.0086,6,0.0
2025-05-05,0.0,1048.0086,6,0.0
2025-05-06,0.0,1048.0086,6,0.0
2025-05-07,0.0,1048.0086,6,0.0
2025-05-08,0.0,1048.0086,6,0.0
2025-05-09,0.0,1048.0086,6,0.0
2025-05-10,0.0,1048.0086,6,0.0
2025-05-11,0.0,1048.0086,6,0.0
2025-05-12,0.0,1048.0086,6,0.0
2025-05-13,0.0,1048.0086,6,0.0
2025-05-14,0.0,1048.0086,6,0.0
2025-05-15,0.0,1048.0086,6,0.0
2025-05-16,0.0,1048.0086,6,0.0
2025-05-17,10.0033,1058.0119,5,0.954501
2025-05-18,0.0,1058.0119,5,0.0
2025-05-19,0.0,1058.0119,6,0.0
2025-05-20,0.0,1058.0119,6,0.0
2025-05-21,0.0,1058.0119,6,0.0
2025-05-22,0.0,1058.0119,6,0.0
2025-05-23,0.0,1058.0119,6,0.0
2025-05-24,0.0,1058.0119,6,0.0
2025-05-25,0.0,1058.0119,6,0.0
2025-05-26,0.0,1058.0119,6,0.0
2025-05-27,0.0,1058.0119,6,0.0
2025-05-28,0.0,1058.0119,6,0.0
2025-05-29,0.0,1058.0119,6,0.0
2025-05-30,-3.8523,1054.1596,6,-0.364106
2025-05-31,0.0,1054.1596,6,0.0
2025-06-01,0.0,1054.1596,6,0.0
2025-06-02,0.0,1054.1596,6,0.0
2025-06-03,0.0,1054.1596,6,0.0
2025-06-04,0.0,1054.1596,6,0.0
2025-06-05,0.0,1054.1596,6,0.0
2025-06-06,0.0,1054.1596,6,0.0
2025-06-07,0.0,1054.1596,6,0.0
2025-06-08,0.0,1054.1596,6,0.0
2025-06-09,-14.6597,1039.5,6,-1.390648
2025-06-10,0.0,1039.5,6,0.0
2025-06-11,0.0,1039.5,6,0.0
2025-06-12,0.0,1039.5,6,0.0
2025-06-13,3.8465,1043.3465,6,0.370036
2025-06-14,0.0,1043.3465,6,0.0
2025-06-15,0.0,1043.3465,6,0.0
2025-06-16,0.0,1043.3465,6,0.0
2025-06-17,0.0,1043.3465,6,0.0
2025-06-18,1.4142,1044.7607,5,0.135545
2025-06-19,0.0,1044.7607,5,0.0
2025-06-20,-2.2057,1042.555,6,-0.211119
2025-06-21,0.0,1042.555,6,0.0
2025-06-22,0.0,1042.555,6,0.0
2025-06-23,0.0,1042.555,6,0.0
2025-06-24,-1.8524,1040.7026,6,-0.177676
2025-06-25,0.0,1040.7026,6,0.0
2025-06-26,-7.5889,1033.1138,6,-0.729207
2025-06-27,0.0,1033.1138,6,0.0
2025-06-28,0.0,1033.1138,6,0.0
2025-06-29,-10.0982,1023.0155,4,-0.977455
2025-06-30,0.0,1023.0155,4,0.0
2025-07-01,0.0,1023.0155,4,0.0
2025-07-02,0.0,1023.0155,4,0.0
2025-07-03,0.0,1023.0155,4,0.0
2025-07-04,0.0,1023.0155,5,0.0
2025-07-05,0.0,1023.0155,5,0.0
2025-07-06,0.0,1023.0155,5,0.0
2025-07-07,0.0,1023.0155,5,0.0
2025-07-08,0.0,1023.0155,6,0.0
2025-07-09,3.6687,1026.6843,4,0.358618
2025-07-10,0.0,1026.6843,5,0.0
2025-07-11,-8.0133,1018.6709,6,-0.780506
2025-07-12,0.0,1018.6709,6,0.0
2025-07-13,0.0,1018.6709,6,0.0
2025-07-14,-7.809,1010.8619,6,-0.766588
2025-07-15,0.0,1010.8619,6,0.0
2025-07-16,0.0,1010.8619,6,0.0
2025-07-17,-4.6961,1006.1658,6,-0.464563
2025-07-18,0.0,1006.1658,6,0.0
2025-07-19,0.0,1006.1658,6,0.0
2025-07-20,0.0,1006.1658,6,0.0
2025-07-21,0.0,1006.1658,6,0.0
2025-07-22,0.0,1006.1658,6,0.0
2025-07-23,0.0,1006.1658,6,0.0
2025-07-24,0.0,1006.1658,6,0.0
2025-07-25,0.0,1006.1658,6,0.0
2025-07-26,0.0,1006.1658,6,0.0
2025-07-27,0.0,1006.1658,6,0.0
2025-07-28,0.0,1006.1658,6,0.0
2025-07-29,0.0,1006.1658,6,0.0
2025-07-30,-0.318,1005.8478,4,-0.031605
2025-07-31,-6.3269,999.5209,2,-0.629015
2025-08-01,11.5946,1011.1155,4,1.160015
2025-08-02,0.0,1011.1155,5,0.0
2025-08-03,0.0,1011.1155,5,0.0
2025-08-04,0.0,1011.1155,5,0.0
2025-08-05,0.0,1011.1155,5,0.0
2025-08-06,0.0,1011.1155,5,0.0
2025-08-07,0.0,1011.1155,6,0.0
2025-08-08,0.0,1011.1155,6,0.0
2025-08-09,13.1958,1024.3113,6,1.305074
2025-08-10,-2.563,1021.7483,6,-0.250218
2025-08-11,0.0,1021.7483,6,0.0
2025-08-12,-8.5502,1013.198,6,-0.836825
2025-08-13,-19.5002,993.6979,6,-1.924616
2025-08-14,0.0,993.6979,6,0.0
2025-08-15,0.0,993.6979,6,0.0
2025-08-16,0.0,993.6979,6,0.0
2025-08-17,0.0,993.6979,6,0.0
2025-08-18,0.0,993.6979,6,0.0
2025-08-19,-18.8806,974.8173,6,-1.90003
2025-08-20,0.0,974.8173,6,0.0
2025-08-21,0.0,974.8173,6,0.0
2025-08-22,0.0,974.8173,6,0.0
2025-08-23,0.0,974.8173,6,0.0
2025-08-24,0.0,974.8173,6,0.0
2025-08-25,-13.5452,961.2721,6,-1.38951
2025-08-26,0.0,961.2721,6,0.0
2025-08-27,0.0,961.2721,6,0.0
2025-08-28,0.0,961.2721,6,0.0
2025-08-29,0.0,961.2721,6,0.0
2025-08-30,0.0,961.2721,6,0.0
2025-08-31,0.0,961.2721,6,0.0
2025-09-01,0.0,961.2721,6,0.0
2025-09-02,0.0,961.2721,6,0.0
2025-09-03,0.0,961.2721,6,0.0
2025-09-04,0.0,961.2721,6,0.0
2025-09-05,0.0,961.2721,6,0.0
2025-09-06,0.0,961.2721,6,0.0
2025-09-07,-5.0593,956.2129,5,-0.526308
2025-09-08,0.0,956.2129,6,0.0
2025-09-09,0.0,956.2129,6,0.0
2025-09-10,0.0,956.2129,6,0.0
2025-09-11,-4.9153,951.2976,6,-0.514035
2025-09-12,0.0,951.2976,6,0.0
2025-09-13,-6.7071,944.5905,6,-0.705053
2025-09-14,0.0,944.5905,6,0.0
2025-09-15,0.0,944.5905,6,0.0
2025-09-16,0.0,944.5905,6,0.0
2025-09-17,0.0,944.5905,6,0.0
2025-09-18,-4.399,940.1914,6,-0.465707
2025-09-19,0.0,940.1914,6,0.0
2025-09-20,0.0,940.1914,6,0.0
2025-09-21,0.0,940.1914,6,0.0
2025-09-22,-12.8855,927.3059,6,-1.370519
2025-09-23,0.0,927.3059,6,0.0
2025-09-24,0.0,927.3059,6,0.0
2025-09-25,-3.4757,923.8303,6,-0.374814
2025-09-26,0.0,923.8303,6,0.0
2025-09-27,0.0,923.8303,6,0.0
2025-09-28,0.0,923.8303,6,0.0
2025-09-29,0.0,923.8303,6,0.0
2025-09-30,0.0,923.8303,6,0.0
2025-10-01,0.0,923.8303,6,0.0
2025-10-02,0.0,923.8303,6,0.0
2025-10-03,1.8022,925.6325,6,0.195082
2025-10-04,0.0,925.6325,6,0.0
2025-10-05,-4.7089,920.9236,5,-0.50872
2025-10-06,-4.9321,915.9915,4,-0.53556
2025-10-07,0.0,915.9915,4,0.0
2025-10-08,0.0,915.9915,4,0.0
2025-10-09,0.0,915.9915,4,0.0
2025-10-10,13.035,929.0266,6,1.423053
2025-10-11,-2.1819,926.8447,0,-0.234854
2025-10-12,0.0,926.8447,1,0.0
2025-10-13,0.0,926.8447,1,0.0
2025-10-14,0.0,926.8447,1,0.0
2025-10-15,0.0,926.8447,1,0.0
2025-10-16,-3.2643,923.5804,0,-0.352194
2025-10-17,0.0,923.5804,0,0.0
2025-10-18,0.0,923.5804,0,0.0
2025-10-19,0.0,923.5804,0,0.0
2025-10-20,0.0,923.5804,0,0.0
2025-10-21,0.0,923.5804,0,0.0
2025-10-22,0.0,923.5804,0,0.0
2025-10-23,0.0,923.5804,0,0.0
2025-10-24,0.0,923.5804,0,0.0
2025-10-25,0.0,923.5804,0,0.0
2025-10-26,0.0,923.5804,0,0.0
2025-10-27,0.0,923.5804,0,0.0
2025-10-28,0.0,923.5804,0,0.0
2025-10-29,0.0,923.5804,0,0.0
2025-10-30,0.0,923.5804,0,0.0
2025-10-31,0.0,923.5804,0,0.0
2025-11-01,0.0,923.5804,0,0.0
2025-11-02,0.0,923.5804,0,0.0
2025-11-03,0.0,923.5804,6,0.0
2025-11-04,0.0,923.5804,6,0.0
2025-11-05,0.0,923.5804,6,0.0
2025-11-06,0.0,923.5804,6,0.0
2025-11-07,0.0,923.5804,6,0.0
2025-11-08,0.0,923.5804,6,0.0
2025-11-09,0.0,923.5804,6,0.0
2025-11-10,0.0,923.5804,6,0.0
2025-11-11,0.0,923.5804,6,0.0
2025-11-12,0.0,923.5804,6,0.0
2025-11-13,0.0,923.5804,6,0.0
2025-11-14,0.0,923.5804,6,0.0
2025-11-15,0.0,923.5804,6,0.0
2025-11-16,0.0,923.5804,6,0.0
2025-11-17,0.0,923.5804,6,0.0
2025-11-18,0.0,923.5804,6,0.0
2025-11-19,0.0,923.5804,6,0.0
2025-11-20,0.0,923.5804,6,0.0
2025-11-21,0.0,923.5804,6,0.0
2025-11-22,0.0,923.5804,6,0.0
2025-11-23,0.0,923.5804,6,0.0
2025-11-24,0.0,923.5804,6,0.0
2025-11-25,0.0,923.5804,6,0.0
2025-11-26,0.0,923.5804,6,0.0
2025-11-27,0.0,923.5804,6,0.0
2025-11-28,0.0,923.5804,6,0.0
2025-11-29,0.0,923.5804,6,0.0
2025-11-30,0.0,923.5804,6,0.0
2025-12-01,0.0,923.5804,6,0.0
2025-12-02,1.6296,925.21,5,0.176442
2025-12-03,0.0,925.21,5,0.0
2025-12-04,0.0,925.21,5,0.0
2025-12-05,0.0,925.21,5,0.0
2025-12-06,0.0,925.21,5,0.0
2025-12-07,0.0,925.21,6,0.0
2025-12-08,0.0,925.21,6,0.0
2025-12-09,5.2171,930.4271,5,0.563884
2025-12-10,0.0,930.4271,5,0.0
2025-12-11,0.0,930.4271,6,0.0
2025-12-12,0.0,930.4271,6,0.0
2025-12-13,0.0,930.4271,6,0.0
2025-12-14,0.0,930.4271,6,0.0
2025-12-15,0.0,930.4271,6,0.0
2025-12-16,0.0,930.4271,6,0.0
2025-12-17,0.0,930.4271,6,0.0
2025-12-18,0.0,930.4271,6,0.0
2025-12-19,0.0,930.4271,6,0.0
2025-12-20,0.0,930.4271,6,0.0
2025-12-21,0.0,930.4271,6,0.0
2025-12-22,0.0,930.4271,6,0.0
2025-12-23,0.0,930.4271,6,0.0
2025-12-24,0.0,930.4271,6,0.0
2025-12-25,0.0,930.4271,6,0.0
2025-12-26,0.0,930.4271,6,0.0
2025-12-27,0.0,930.4271,6,0.0
2025-12-28,0.0,930.4271,6,0.0
2025-12-29,0.0,930.4271,6,0.0
2025-12-30,0.0,930.4271,6,0.0
2025-12-31,0.0,930.4271,6,0.0
2026-01-01,12.7644,943.1915,5,1.371884
2026-01-02,0.0,943.1915,5,0.0
2026-01-03,0.0,943.1915,6,0.0
2026-01-04,10.0102,953.2017,6,1.06131
2026-01-05,-0.4538,952.7479,6,-0.047609
2026-01-06,0.0,952.7479,6,0.0
2026-01-07,0.0,952.7479,6,0.0
2026-01-08,0.0,952.7479,6,0.0
2026-01-09,0.0,952.7479,6,0.0
2026-01-10,0.0,952.7479,6,0.0
2026-01-11,0.0,952.7479,6,0.0
2026-01-12,0.0,952.7479,6,0.0
2026-01-13,0.0,952.7479,6,0.0
2026-01-14,0.0,952.7479,6,0.0
2026-01-15,0.0,952.7479,6,0.0
2026-01-16,0.0,952.7479,6,0.0
2026-01-17,0.0,952.7479,6,0.0
2026-01-18,-9.1229,943.625,5,-0.957533
2026-01-19,-22.4872,921.1378,5,-2.383064
2026-01-20,-9.2488,911.889,6,-1.004061
2026-01-21,0.0,911.889,6,0.0
2026-01-22,0.0,911.889,6,0.0
2026-01-23,0.0,911.889,6,0.0
2026-01-24,0.0,911.889,6,0.0
2026-01-25,0.0,911.889,6,0.0
2026-01-26,0.0,911.889,6,0.0
2026-01-27,0.0,911.889,6,0.0
2026-01-28,0.0,911.889,6,0.0
2026-01-29,0.0,911.889,6,0.0
2026-01-30,0.0,911.889,6,0.0
2026-01-31,0.0,911.889,6,0.0
2026-02-01,0.0,911.889,6,0.0
2026-02-02,0.0,911.889,6,0.0
2026-02-03,0.0,911.889,6,0.0
2026-02-04,0.0,911.889,6,0.0
2026-02-05,0.0,911.889,6,0.0
2026-02-06,0.0,911.889,6,0.0
2026-02-07,0.0,911.889,6,0.0
2026-02-08,0.0,911.889,6,0.0
2026-02-09,0.0,911.889,6,0.0
2026-02-10,0.0,911.889,6,0.0
2026-02-11,0.0,911.889,6,0.0
2026-02-12,0.0,911.889,6,0.0
2026-02-13,0.0,911.889,6,0.0
2026-02-14,10.0914,921.9804,5,1.106649
2026-02-15,0.0,921.9804,5,0.0
2026-02-16,0.0,921.9804,5,0.0
2026-02-17,0.0,921.9804,5,0.0
2026-02-18,0.0,921.9804,5,0.0
2026-02-19,0.0,921.9804,6,0.0
2026-02-20,3.1423,925.1227,5,0.340818
2026-02-21,0.0,925.1227,5,0.0
2026-02-22,0.0,925.1227,5,0.0
2026-02-23,0.0,925.1227,6,0.0
2026-02-24,0.0,925.1227,6,0.0
2026-02-25,23.131,948.2536,4,2.500313
2026-02-26,0.0,948.2536,4,0.0
2026-02-27,0.0,948.2536,5,0.0
2026-02-28,0.0,948.2536,5,0.0
2026-03-01,0.0,948.2536,6,0.0
2026-03-02,0.0,948.2536,6,0.0
2026-03-03,0.0,948.2536,6,0.0
2026-03-04,0.0,948.2536,6,0.0
2026-03-05,0.0,948.2536,6,0.0
2026-03-06,0.0,948.2536,6,0.0
2026-03-07,0.0,948.2536,6,0.0
2026-03-08,0.0,948.2536,6,0.0
2026-03-09,0.0,948.2536,6,0.0
2026-03-10,0.0,948.2536,6,0.0
2026-03-11,0.0,948.2536,6,0.0
2026-03-12,0.0,948.2536,6,0.0
2026-03-13,0.0,948.2536,6,0.0
2026-03-14,0.0,948.2536,6,0.0
2026-03-15,0.0,948.2536,6,0.0
2026-03-16,26.3995,974.6532,6,2.784013
2026-03-17,0.0,974.6532,6,0.0
2026-03-18,0.0,974.6532,6,0.0
2026-03-19,0.0,974.6532,6,0.0
2026-03-20,0.0,974.6532,6,0.0
2026-03-21,-7.7137,966.9394,6,-0.791435
2026-03-22,0.0,966.9394,6,0.0
2026-03-23,0.0,966.9394,6,0.0
2026-03-24,0.0,966.9394,6,0.0
2026-03-25,0.0,966.9394,6,0.0
2026-03-26,0.0,966.9394,6,0.0
2026-03-27,-10.6679,956.2715,6,-1.10327
2026-03-28,0.0,956.2715,6,0.0
2026-03-29,0.0,956.2715,6,0.0
2026-03-30,0.0,956.2715,6,0.0
2026-03-31,-4.0841,952.1873,6,-0.427087
2026-04-01,0.0,952.1873,6,0.0
2026-04-02,0.0,952.1873,6,0.0
2026-04-03,0.0,952.1873,6,0.0
2026-04-04,0.0,952.1873,6,0.0
2026-04-05,0.0,952.1873,6,0.0
2026-04-06,0.0,952.1873,6,0.0
2026-04-07,-3.062,949.1254,5,-0.321573
2026-04-08,0.0,949.1254,6,0.0
2026-04-09,0.0,949.1254,6,0.0
2026-04-10,0.0,949.1254,6,0.0
2026-04-11,-10.6572,938.4682,6,-1.12284
2026-04-12,0.0,938.4682,6,0.0
2026-04-13,-1.9771,936.4911,6,-0.210676
2026-04-14,0.0,936.4911,6,0.0
2026-04-15,2.5151,939.0062,5,0.268568
2026-04-16,-8.8113,930.1949,6,-0.938369
2026-04-17,0.0,930.1949,6,0.0
2026-04-18,0.0,930.1949,6,0.0
2026-04-19,3.5567,933.7516,5,0.382366
2026-04-20,0.0,933.7516,5,0.0
2026-04-21,0.0,933.7516,6,0.0
2026-04-22,0.0,933.7516,6,0.0
2026-04-23,0.0,933.7516,6,0.0
2026-04-24,0.0,933.7516,6,0.0
2026-04-25,0.0,933.7516,6,0.0
2026-04-26,-5.0462,928.7054,6,-0.540426
2026-04-27,0.0,928.7054,6,0.0
2026-04-28,0.0,928.7054,6,0.0
2026-04-29,0.0,928.7054,6,0.0
2026-04-30,0.0,928.7054,6,0.0
2026-05-01,0.0,928.7054,6,0.0
2026-05-02,0.0,928.7054,6,0.0
2026-05-03,0.0,928.7054,6,0.0
2026-05-04,-0.1705,928.5348,6,-0.018363
2026-05-05,0.0759,928.6107,6,0.008173
2026-05-06,0.0,928.6107,6,0.0
2026-05-07,0.0,928.6107,6,0.0
2026-05-08,0.0,928.6107,6,0.0
2026-05-09,0.0,928.6107,6,0.0
2026-05-10,0.0,928.6107,6,0.0
2026-05-11,0.0,928.6107,6,0.0
2026-05-12,36.8649,965.4757,4,3.969901
2026-05-13,0.0,965.4757,6,0.0
2026-05-14,0.0,965.4757,6,0.0
2026-05-15,-5.6924,959.7833,5,-0.589595
2026-05-16,-6.1964,953.5869,6,-0.6456
2026-05-17,0.0,953.5869,6,0.0
2026-05-18,0.0,953.5869,6,0.0
2026-05-19,-13.3018,940.2851,5,-1.394919
2026-05-20,0.0,940.2851,6,0.0
2026-05-21,0.0,940.2851,6,0.0
2026-05-22,0.0,940.2851,6,0.0
2026-05-23,0.0,940.2851,6,0.0
2026-05-24,0.0,940.2851,6,0.0
2026-05-25,0.0,940.2851,6,0.0
2026-05-26,0.0,940.2851,6,0.0
2026-05-27,0.0,940.2851,6,0.0
2026-05-28,0.0,940.2851,6,0.0
2026-05-29,0.0,940.2851,6,0.0
2026-05-30,0.0,940.2851,6,0.0
2026-05-31,0.0,940.2851,6,0.0
2026-06-01,0.0,940.2851,6,0.0
2026-06-02,0.0,940.2851,6,0.0
2026-06-03,0.0,940.2851,6,0.0
2026-06-04,0.0,940.2851,6,0.0
2026-06-05,0.0,940.2851,6,0.0
2026-06-06,0.0,940.2851,6,0.0
2026-06-07,0.0,940.2851,6,0.0
2026-06-08,0.0,940.2851,6,0.0
2026-06-09,0.0,940.2851,6,0.0
2026-06-10,0.0,940.2851,6,0.0
2026-06-11,0.0,940.2851,6,0.0
2026-06-12,0.0,940.2851,6,0.0
2026-06-13,0.0,940.2851,6,0.0
2026-06-14,-0.4786,939.8065,5,-0.0509
2026-06-15,9.7392,949.5458,4,1.036302
2026-06-16,0.0,949.5458,5,0.0
2026-06-17,0.0,949.5458,5,0.0
2026-06-18,0.0,949.5458,5,0.0
2026-06-19,0.0,949.5458,6,0.0
2026-06-20,0.0,949.5458,6,0.0
2026-06-21,0.0,949.5458,6,0.0
2026-06-22,0.0,949.5458,6,0.0
2026-06-23,0.0,949.5458,6,0.0
2026-06-24,0.0,949.5458,6,0.0
2026-06-25,-7.2054,942.3403,6,-0.758831
2026-06-26,0.0,942.3403,6,0.0
2026-06-27,0.0,942.3403,6,0.0
2026-06-28,0.0,942.3403,6,0.0
2026-06-29,0.0,942.3403,6,0.0
2026-06-30,0.0,942.3403,6,0.0
2026-07-01,0.0,942.3403,6,0.0
2026-07-02,0.0,942.3403,6,0.0
2026-07-03,38.8156,981.1559,4,4.119066
2026-07-04,0.0,981.1559,5,0.0
2026-07-05,0.0,981.1559,6,0.0
2026-07-06,3.3263,984.4822,6,0.339014
2026-07-07,5.0103,989.4925,6,0.508925
2026-07-08,-2.6427,986.8498,6,-0.267076
2026-07-09,9.271,996.1208,6,0.939456
2026-07-10,-7.1397,988.9811,6,-0.716749
2026-07-11,0.0,988.9811,6,0.0
2026-07-12,0.0,988.9811,6,0.0
2026-07-13,0.0,988.9811,6,0.0
2026-07-14,0.0,988.9811,6,0.0
2026-07-15,0.0,988.9811,6,0.0
2026-07-16,0.0,988.9811,6,0.0
2026-07-17,0.0,988.9811,6,0.0
2026-07-18,0.0,988.9811,6,0.0
2026-07-19,-6.7752,982.2059,6,-0.685071
2026-07-20,0.0,982.2059,6,0.0
2026-07-21,0.0,982.2059,6,0.0
2026-07-22,0.0,982.2059,6,0.0
2026-07-23,0.0,982.2059,6,0.0
2026-07-24,-2.9031,979.3028,6,-0.295564
2026-07-25,0.0,979.3028,6,0.0
2026-07-26,0.0,979.3028,6,0.0
2026-07-27,0.0,979.3028,6,0.0
2026-07-28,0.0,979.3028,6,0.0
2026-07-29,0.0,979.3028,6,0.0
2026-07-30,-4.6821,974.6207,5,-0.478104
2026-07-31,0.0,974.6207,6,0.0
2026-08-01,3.2993,977.92,5,0.338523
